CustomerID,Recency,Frequency,Monetary,Cluster
12346.0,325,1,77183.6,2
12747.0,1,11,4196.01,3
12748.0,0,209,33719.73,2
12749.0,3,5,4090.88,1
12820.0,2,4,942.34,1
12821.0,213,1,92.72,0
12822.0,70,2,948.88,1
12823.0,74,5,1759.5,1
12824.0,59,1,397.12,1
12826.0,2,7,1474.72,1
12827.0,5,3,430.15000000000003,1
12828.0,2,6,1018.71,1
12829.0,336,2,293.0,0
12830.0,37,6,6814.64,1
12831.0,261,1,215.05,0
12832.0,31,2,383.03,1
12833.0,144,1,417.38,0
12834.0,282,1,312.38,0
12836.0,58,4,2612.86,1
12837.0,172,1,134.1,0
12838.0,33,2,683.13,1
12839.0,2,14,5591.42,3
12840.0,143,4,2726.77,1
12841.0,4,25,4022.35,3
12842.0,69,2,1118.99,1
12843.0,65,8,1702.26,1
12844.0,28,2,325.96000000000004,1
12845.0,266,4,354.09,0
12847.0,21,1,871.54,1
12849.0,30,2,1050.8899999999999,1
12851.0,96,1,135.18,1
12852.0,294,1,311.55,0
12853.0,134,6,1957.1000000000001,1
12854.0,78,3,1324.5,1
12855.0,372,1,38.1,0
12856.0,7,6,2179.93,1
12857.0,210,2,1106.4,0
12863.0,51,1,521.2,1
12864.0,137,1,147.12,1
12867.0,25,7,4036.82,1
12868.0,185,6,1607.0600000000002,0
12871.0,83,2,380.64,1
12872.0,326,2,599.97,0
12873.0,281,1,374.0,0
12875.0,142,2,343.2300000000001,1
12877.0,3,12,1535.77,3
12878.0,235,2,854.99,0
12879.0,44,3,573.22,1
12881.0,275,1,298.0,0
12882.0,8,2,1463.04,1
12883.0,24,4,703.47,1
12884.0,87,1,309.05,1
12885.0,62,3,1175.22,1
12886.0,67,2,1378.4,1
12888.0,213,2,354.12,0
12890.0,23,1,380.46999999999997,1
12891.0,185,3,331.0,0
12893.0,30,1,188.14,1
12895.0,41,2,372.8,1
12897.0,204,2,216.5,0
12901.0,8,28,17654.54,3
12902.0,264,1,138.68,0
12904.0,17,2,509.58,1
12906.0,11,5,2919.81,1
12908.0,175,2,750.0,0
12909.0,39,5,2178.67,1
12910.0,22,8,3075.04,1
12912.0,2,5,1662.3,1
12913.0,4,5,2483.63,1
12915.0,148,2,363.65,0
12916.0,138,4,3006.15,1
12917.0,127,1,594.0,1
12919.0,7,6,1335.19,1
12920.0,16,1,164.23,1
12921.0,8,37,16587.09,3
12922.0,160,1,405.38,0
12923.0,63,1,176.97,1
12924.0,87,4,933.7,1
12925.0,4,2,694.05,1
12928.0,34,5,2062.7000000000003,1
12929.0,311,1,117.85,0
12930.0,77,2,415.8,1
12931.0,21,15,42055.96,3
12933.0,23,3,607.53,1
12935.0,1,7,2160.7,1
12936.0,16,4,1063.9,1
12937.0,14,4,1504.27,1
12938.0,25,1,114.14,1
12939.0,63,8,11581.8,3
12940.0,54,2,913.54,1
12942.0,130,3,683.9,1
12944.0,35,2,604.51,1
12945.0,287,1,462.95,0
12947.0,143,6,1603.99,1
12948.0,15,7,2064.95,1
12949.0,30,8,4167.22,1
12950.0,1,3,1843.0,1
12951.0,8,6,1064.07,1
12952.0,5,4,1387.79,1
12953.0,9,1,329.85,1
12955.0,0,11,4757.16,3
12956.0,305,1,108.07,0
12957.0,9,8,4017.54,1
12962.0,6,2,266.39,1
12963.0,7,8,1856.63,1
12965.0,88,1,771.91,1
12966.0,9,1,160.18,1
12967.0,357,2,1660.9,0
12968.0,111,1,135.95,1
12970.0,6,4,452.24,1
12971.0,3,86,11189.91,2
12974.0,197,1,144.8,0
12976.0,211,1,738.6,0
12977.0,155,1,39.239999999999995,0
12980.0,157,9,7374.900000000001,1
12981.0,29,2,372.21999999999997,1
12982.0,242,1,390.54,0
12984.0,18,1,97.5,1
12985.0,0,2,1239.38,1
12987.0,73,2,558.7,1
12988.0,291,1,535.32,0
12989.0,2,15,6924.110000000001,3
12990.0,30,3,409.5,1
12991.0,22,2,503.76,1
12993.0,22,4,414.76,1
12994.0,3,3,974.4200000000001,1
12995.0,84,1,211.32,1
12997.0,21,4,1226.89,1
12999.0,195,3,455.88,0
13000.0,106,3,534.85,1
13001.0,3,13,9818.82,3
13002.0,317,1,120.94999999999999,0
13003.0,105,3,149.05,1
13004.0,11,18,5655.91,3
13005.0,173,2,513.7,0
13006.0,55,1,81.57,1
13008.0,322,1,229.46999999999997,0
13011.0,371,1,50.550000000000004,0
13012.0,8,8,1661.8400000000001,1
13013.0,0,13,4810.9400000000005,3
13014.0,10,10,3466.2799999999997,1
13015.0,52,5,3346.28,1
13016.0,72,3,789.89,1
13017.0,6,1,204.0,1
13018.0,15,28,7277.7,3
13021.0,3,9,2616.38,1
13023.0,63,2,689.9,1
13026.0,0,5,975.36,1
13027.0,113,6,6912.0,1
13028.0,22,2,661.3199999999999,1
13029.0,30,3,1247.5,1
13030.0,10,2,799.48,1
13032.0,51,2,1010.18,1
13033.0,356,1,190.55,0
13034.0,54,2,642.77,1
13035.0,73,2,921.88,1
13037.0,137,3,881.07,1
13038.0,79,3,908.46,1
13040.0,8,2,676.99,1
13043.0,272,1,516.42,0
13044.0,290,1,560.47,0
13045.0,98,1,305.28000000000003,1
13046.0,30,2,629.31,1
13047.0,31,10,3237.54,1
13048.0,13,4,1835.91,1
13049.0,63,2,656.6800000000001,1
13050.0,14,17,5836.86,3
13052.0,211,1,348.15000000000003,0
13055.0,77,3,1214.41,1
13058.0,24,3,271.40000000000003,1
13059.0,249,1,183.4,0
13060.0,253,1,307.53,0
13061.0,71,1,248.61,1
13062.0,190,1,346.98,0
13064.0,12,4,1119.49,1
13065.0,372,1,205.86,0
13066.0,23,2,470.8,1
13067.0,81,1,115.46000000000001,1
13068.0,9,2,344.0,1
13069.0,0,24,4436.12,3
13070.0,191,1,228.8,0
13072.0,266,1,177.15,0
13075.0,129,1,919.61,1
13077.0,0,4,729.27,1
13078.0,2,26,12627.94,3
13079.0,3,5,220.10000000000002,1
13080.0,178,1,58.08,0
13081.0,11,11,28337.38,3
13082.0,125,9,3613.63,1
13083.0,3,2,303.75,1
13085.0,157,2,416.08000000000004,0
13089.0,2,97,58825.83,2
13090.0,8,14,8910.82,3
13091.0,27,1,345.82,1
13092.0,70,5,477.83,1
13093.0,275,8,7832.47,0
13094.0,20,12,1927.3200000000002,3
13095.0,70,1,74.39999999999999,1
13097.0,32,10,6010.42,3
13098.0,0,28,28882.44,3
13099.0,98,1,207.35999999999999,1
13101.0,233,1,101.19,0
13102.0,0,24,6424.09,3
13103.0,39,1,243.94,1
13104.0,2,6,1098.48,1
13106.0,132,1,76.5,1
13107.0,43,4,1531.6200000000001,1
13108.0,372,1,350.06,0
13109.0,59,2,786.54,1
13110.0,30,7,1488.67,1
13113.0,0,24,12245.960000000001,3
13115.0,11,4,2294.78,1
13116.0,137,1,501.14,1
13117.0,21,8,984.91,1
13118.0,19,5,1197.81,1
13120.0,238,1,30.599999999999998,0
13121.0,268,1,283.73,0
13122.0,93,2,922.39,1
13124.0,89,3,3866.33,1
13126.0,4,8,2099.64,1
13127.0,77,1,259.17,1
13130.0,93,1,64.0,1
13131.0,22,3,1073.3,1
13132.0,261,1,77.3,0
13133.0,273,2,109.8,0
13134.0,85,4,1793.58,1
13135.0,196,1,3096.0,0
13136.0,55,5,2607.61,1
13137.0,10,8,3650.41,1
13138.0,21,6,962.39,1
13139.0,15,7,5064.94,1
13140.0,107,3,423.72,1
13141.0,84,5,2388.75,1
13142.0,18,1,307.09,1
13144.0,332,1,110.95,0
13145.0,39,4,618.52,1
13146.0,25,1,228.91,1
13147.0,9,4,712.8000000000001,1
13148.0,28,12,3707.12,3
13149.0,13,4,1676.06,1
13151.0,295,1,1257.8700000000001,0
13153.0,5,1,486.22,1
13155.0,32,4,971.76,1
13157.0,48,4,1741.22,1
13158.0,94,4,1201.06,1
13159.0,8,4,1437.85,1
13160.0,21,1,91.8,1
13161.0,312,1,112.75,0
13162.0,121,4,1688.29,1
13165.0,45,2,1021.48,1
13166.0,282,1,417.2,0
13167.0,18,4,791.33,1
13168.0,35,4,1319.19,1
13169.0,63,2,712.88,1
13170.0,26,1,116.00999999999999,1
13171.0,21,3,468.41,1
13173.0,3,2,353.65,1
13174.0,15,3,2817.03,1
13176.0,45,1,492.84,1
13177.0,64,1,282.45,1
13178.0,25,11,5725.47,3
13182.0,44,1,121.18,1
13183.0,7,9,3957.78,1
13184.0,14,10,1701.29,1
13185.0,267,1,71.4,0
13186.0,39,3,1575.89,1
13187.0,336,1,236.02,0
13188.0,10,1,114.60000000000001,1
13189.0,18,2,260.68,1
13192.0,94,2,911.94,1
13193.0,60,1,117.88,1
13194.0,135,1,60.7,1
13196.0,10,4,1797.78,1
13198.0,9,6,3401.2400000000002,1
13199.0,3,38,9817.12,3
13200.0,18,4,870.09,1
13203.0,9,4,869.46,1
13207.0,14,2,250.26000000000002,1
13208.0,58,6,1223.9,1
13209.0,29,8,5891.61,1
13210.0,93,1,353.48,1
13211.0,9,3,1197.42,1
13212.0,19,3,788.08,1
13213.0,56,5,1520.58,1
13216.0,267,1,333.74,0
13217.0,121,3,533.98,1
13218.0,126,1,62.63999999999999,1
13220.0,77,4,819.2900000000001,1
13221.0,239,2,847.41,0
13223.0,199,2,163.20000000000002,0
13224.0,59,2,2155.95,1
13225.0,2,7,6463.84,1
13226.0,272,1,108.21000000000001,0
13227.0,201,1,257.7,0
13228.0,80,1,358.0,1
13229.0,225,1,160.95,0
13230.0,3,14,2806.97,3
13232.0,12,7,1357.6,1
13233.0,73,2,605.12,1
13235.0,211,1,1031.07,0
13236.0,23,2,744.85,1
13238.0,16,4,700.73,1
13239.0,261,1,329.56,0
13240.0,95,4,663.65,1
13242.0,111,3,270.40000000000003,1
13243.0,202,1,600.07,0
13244.0,92,1,121.74000000000001,1
13245.0,50,1,430.5,1
13246.0,17,6,1987.3,1
13247.0,17,4,501.12,1
13248.0,124,2,465.68,1
13249.0,91,3,711.41,1
13253.0,156,2,1030.4,0
13255.0,8,2,399.51,1
13258.0,11,3,698.58,1
13259.0,61,1,292.32,1
13260.0,60,1,557.62,1
13261.0,268,2,944.1,0
13262.0,262,1,200.29,0
13263.0,0,35,7454.07,3
13265.0,52,5,2107.66,1
13266.0,10,12,3834.2599999999998,3
13267.0,2,19,4521.49,3
13268.0,17,11,3214.69,3
13269.0,0,15,5346.2300000000005,3
13270.0,365,1,590.0,0
13271.0,36,1,217.38,1
13272.0,30,2,276.56,1
13273.0,112,1,138.98,1
13276.0,63,2,590.9300000000001,1
13277.0,15,4,258.4,1
13278.0,40,1,542.73,1
13279.0,77,1,137.75,1
13280.0,121,3,814.86,1
13282.0,17,3,1132.14,1
13283.0,59,2,93.66,1
13284.0,330,1,201.19,0
13285.0,22,4,2709.12,1
13291.0,155,1,361.11,0
13292.0,38,2,578.9399999999999,1
13294.0,189,2,873.74,0
13295.0,359,1,201.20000000000002,0
13296.0,136,1,87.4,1
13297.0,7,4,2089.85,1
13298.0,0,1,360.0,1
13299.0,267,1,142.5,0
13300.0,168,1,371.89,0
13301.0,103,4,618.09,1
13302.0,154,1,63.75,0
13304.0,350,1,300.42,0
13305.0,3,10,2000.86,1
13307.0,119,1,15.0,1
13308.0,22,3,1385.51,1
13309.0,6,5,1456.79,1
13310.0,27,3,1132.03,1
13311.0,3,2,598.57,1
13313.0,21,5,1555.32,1
13314.0,1,3,775.94,1
13316.0,36,4,5977.7300000000005,1
13317.0,65,6,2273.68,1
13318.0,0,3,640.76,1
13319.0,4,26,10845.550000000001,3
13320.0,77,4,1548.7,1
13321.0,71,2,567.36,1
13322.0,16,1,199.48000000000002,1
13323.0,2,5,787.85,1
13324.0,35,10,7121.95,3
13325.0,81,1,675.3,1
13327.0,38,8,3627.77,1
13328.0,315,1,1308.48,0
13329.0,31,2,789.0,1
13330.0,92,3,1140.93,1
13332.0,13,1,350.9,1
13334.0,81,3,3536.82,1
13336.0,76,1,795.12,1
13338.0,157,1,487.02,0
13339.0,200,1,860.12,0
13340.0,44,7,10736.48,1
13341.0,260,1,775.85,0
13343.0,177,1,353.43,0
13344.0,67,3,2543.72,1
13345.0,287,1,389.5,0
13347.0,69,1,341.36,1
13348.0,63,1,233.76,1
13349.0,10,1,247.32,1
13350.0,15,2,979.12,1
13351.0,65,1,373.94,1
13352.0,59,1,397.97999999999996,1
13354.0,70,1,743.53,1
13355.0,121,1,674.7,1
13356.0,79,1,768.24,1
13357.0,256,1,609.95,0
13358.0,268,1,439.03,0
13359.0,63,1,439.56,1
13362.0,8,4,3090.7400000000002,1
13363.0,17,2,992.5,1
13364.0,70,1,134.95999999999998,1
13365.0,33,2,2225.37,1
13366.0,49,1,56.160000000000004,1
13368.0,256,2,623.4,0
13369.0,365,1,308.28000000000003,0
13370.0,371,1,754.87,0
13372.0,89,1,378.64,1
13373.0,60,3,3312.25,1
13375.0,88,1,778.65,1
13376.0,98,3,1019.76,1
13379.0,25,3,572.56,1
13381.0,31,6,3639.31,1
13382.0,280,1,222.99,0
13384.0,30,7,4151.93,1
13385.0,329,1,534.57,0
13388.0,130,2,677.1,1
13389.0,10,3,797.96,1
13390.0,74,1,544.08,1
13391.0,203,1,59.8,0
13394.0,1,8,2520.02,1
13395.0,184,1,307.72,0
13396.0,28,2,1360.99,1
13397.0,72,5,1544.13,1
13398.0,191,1,457.34,0
13402.0,126,2,621.23,1
13403.0,17,1,75.0,1
13404.0,0,2,252.49,1
13405.0,73,3,572.451,1
13408.0,1,62,28117.04,2
13410.0,23,5,1003.06,1
13411.0,106,1,213.55,1
13414.0,133,3,1390.5,1
13416.0,43,2,712.5,1
13417.0,4,2,640.83,1
13418.0,11,18,6127.43,3
13419.0,63,1,221.06,1
13420.0,149,2,159.85,0
13421.0,39,2,1851.08,1
13422.0,63,1,2626.3,1
13425.0,107,3,1624.21,1
13426.0,0,10,3641.32,1
13427.0,18,3,582.6,1
13428.0,9,1,218.47,1
13429.0,10,4,1006.8,1
13430.0,18,2,679.45,1
13431.0,66,2,1269.1,1
13434.0,73,2,534.24,1
13435.0,4,7,3809.8900000000003,1
13436.0,1,1,196.89,1
13437.0,13,7,3408.06,1
13439.0,254,1,283.71,0
13441.0,91,1,296.64,1
13447.0,22,3,1129.14,1
13448.0,16,6,3539.37,1
13449.0,23,1,291.88,1
13450.0,26,6,2043.7199999999998,1
13451.0,25,5,2976.15,1
13452.0,258,2,590.0,0
13453.0,165,2,356.97999999999996,0
13455.0,24,2,1058.34,1
13456.0,17,6,1766.72,1
13458.0,6,14,9646.57,3
13460.0,28,2,183.44,1
13461.0,38,3,1445.0,1
13462.0,252,1,151.5,0
13464.0,57,1,674.68,1
13466.0,183,1,307.9,0
13467.0,10,2,1083.71,1
13468.0,1,37,5704.97,3
13470.0,98,2,165.0,1
13471.0,0,4,2531.58,1
13473.0,60,2,422.64,1
13474.0,235,1,229.59,0
13475.0,190,4,1431.78,0
13476.0,178,2,1238.47,0
13477.0,37,6,1454.58,1
13479.0,200,2,300.95,0
13481.0,45,5,1804.56,1
13482.0,231,1,184.64,0
13483.0,65,1,140.34,1
13484.0,240,1,313.8,0
13485.0,232,1,454.24,0
13486.0,77,3,1122.41,1
13487.0,57,3,575.4,1
13488.0,16,13,8968.31,3
13489.0,104,4,449.52,1
13491.0,51,10,1215.82,1
13494.0,311,1,316.26000000000005,0
13495.0,7,5,2044.8700000000001,1
13496.0,10,2,653.33,1
13497.0,282,2,348.05,0
13499.0,17,5,1159.11,1
13500.0,22,3,1166.77,1
13502.0,16,3,292.0,1
13503.0,70,1,216.85,1
13504.0,63,1,295.93,1
13506.0,315,2,458.52,0
13507.0,2,4,2479.16,1
13508.0,243,1,110.97,0
13509.0,8,7,979.72,1
13510.0,0,4,1791.56,1
13512.0,260,1,251.21,0
13513.0,126,1,205.1,1
13514.0,73,1,152.20000000000002,1
13515.0,72,4,891.12,1
13516.0,20,3,1389.41,1
13517.0,59,3,2128.42,1
13518.0,85,1,659.4399999999999,1
13519.0,77,1,122.75,1
13521.0,0,3,1093.65,1
13522.0,29,1,125.80000000000001,1
13523.0,32,5,3964.88,1
13524.0,40,5,680.1800000000001,1
13525.0,14,2,628.78,1
13527.0,33,7,2287.51,1
13529.0,78,2,307.76,1
13531.0,204,2,483.8,0
13532.0,33,1,210.31,1
13533.0,182,3,270.79,0
13534.0,1,25,5870.08,3
13536.0,0,7,3448.29,1
13538.0,42,7,1280.85,1
13539.0,85,3,631.34,1
13544.0,39,2,291.41,1
13546.0,11,3,626.99,1
13548.0,95,2,682.41,1
13549.0,25,7,918.2,1
13551.0,318,1,91.80000000000001,0
13552.0,65,12,3740.07,3
13555.0,73,4,4149.28,1
13557.0,27,2,584.06,1
13558.0,5,4,605.06,1
13560.0,6,1,174.37,1
13561.0,215,1,141.85999999999999,0
13562.0,81,3,1799.33,1
13563.0,83,2,777.53,1
13564.0,143,3,1749.02,1
13565.0,18,2,240.22,1
13566.0,40,2,874.71,1
13568.0,172,1,192.85,0
13569.0,16,2,373.75,1
13570.0,242,1,239.49,0
13571.0,12,12,2092.32,3
13572.0,205,1,1384.25,0
13573.0,49,2,294.4,1
13575.0,22,5,732.0699999999999,1
13576.0,9,18,6717.34,3
13577.0,24,4,1687.6000000000001,1
13579.0,14,2,467.04,1
13581.0,308,1,118.0,0
13583.0,155,1,781.03,0
13584.0,306,1,142.4,0
13587.0,63,1,712.4,1
13588.0,15,9,2478.95,1
13589.0,14,2,379.65,1
13590.0,10,6,1981.92,1
13591.0,64,3,1117.13,1
13592.0,35,4,247.95999999999998,1
13593.0,107,5,2037.0800000000002,1
13594.0,52,1,396.97,1
13596.0,5,2,697.04,1
13598.0,46,1,180.17000000000002,1
13599.0,0,21,5153.67,3
13600.0,311,1,219.52,0
13601.0,44,2,693.32,1
13602.0,64,1,428.89,1
13603.0,25,1,164.34,1
13606.0,28,3,280.53999999999996,1
13607.0,39,1,678.01,1
13610.0,11,7,1131.88,1
13611.0,88,3,1171.8,1
13614.0,23,4,1610.46,1
13615.0,318,1,417.69,0
13617.0,39,3,544.18,1
13618.0,173,1,177.34,0
13621.0,116,1,213.85,1
13623.0,30,5,747.78,1
13626.0,252,1,257.23,0
13627.0,58,5,1638.47,1
13629.0,22,11,7792.36,3
13630.0,4,7,2031.78,1
13631.0,99,11,3070.42,1
13632.0,24,5,2121.27,1
13634.0,32,5,1575.16,1
13635.0,67,1,1071.03,1
13636.0,36,5,949.12,1
13637.0,51,3,810.5,1
13638.0,15,1,122.64,1
13639.0,73,1,1033.34,1
13642.0,215,1,354.8,0
13643.0,30,3,519.44,1
13644.0,15,4,2624.26,1
13645.0,119,1,252.1,1
13647.0,9,4,1678.1200000000001,1
13649.0,256,2,346.6,0
13650.0,16,6,1836.34,1
13651.0,34,2,94.2,1
13652.0,45,3,1095.08,1
13654.0,42,6,2707.33,1
13655.0,113,2,932.97,1
13656.0,164,2,379.65,0
13657.0,10,2,382.14,1
13658.0,9,5,2639.17,1
13659.0,205,2,1573.2,0
13662.0,85,3,897.76,1
13663.0,178,1,189.47,0
13666.0,59,3,84.65,1
13667.0,148,1,305.02,0
13668.0,2,21,6363.59,3
13669.0,50,2,218.55,1
13670.0,74,1,349.7,1
13672.0,300,2,186.39000000000001,0
13673.0,18,2,396.92,1
13675.0,150,2,486.82000000000005,0
13678.0,151,1,232.6,0
13680.0,0,4,3722.42,1
13681.0,17,4,827.83,1
13682.0,186,1,59.5,0
13684.0,285,1,67.23,0
13685.0,2,7,3119.44,1
13686.0,182,1,72.0,0
13689.0,62,1,910.0,1
13690.0,58,1,172.25,1
13692.0,24,3,1488.32,1
13694.0,3,50,65039.62,2
13695.0,30,15,2504.13,3
13697.0,38,1,151.29999999999998,1
13699.0,154,1,308.58000000000004,0
13700.0,25,10,2265.12,1
13703.0,317,1,99.5,0
13704.0,4,9,2308.06,1
13705.0,7,3,711.86,1
13706.0,302,1,330.79,0
13707.0,266,2,806.41,0
13708.0,270,1,296.88,0
13709.0,3,13,6328.05,3
13710.0,31,1,180.48,1
13711.0,218,2,252.06,0
13712.0,246,1,228.84,0
13715.0,280,5,1079.34,0
13716.0,268,1,138.28,0
13717.0,31,6,1445.01,1
13718.0,245,2,306.55,0
13719.0,14,5,1041.68,1
13720.0,116,4,799.9,1
13721.0,35,1,524.14,1
13722.0,131,3,2375.41,1
13723.0,216,1,199.85000000000002,0
13725.0,49,8,1980.56,1
13726.0,38,2,1079.6599999999999,1
13727.0,28,2,333.48,1
13728.0,36,6,1016.14,1
13730.0,135,2,752.6,1
13731.0,218,2,610.59,0
13732.0,27,1,491.86,1
13735.0,24,4,2885.2400000000002,1
13736.0,4,2,731.9,1
13737.0,199,1,339.59999999999997,0
13739.0,17,1,216.9,1
13740.0,240,1,350.75,0
13741.0,71,3,668.4300000000001,1
13742.0,16,12,3131.02,3
13743.0,2,7,1341.6,1
13744.0,94,2,1156.36,1
13745.0,161,1,300.04,0
13747.0,373,1,79.6,0
13748.0,95,5,948.25,1
13750.0,53,5,1647.26,1
13751.0,287,1,296.25,0
13752.0,123,6,1186.28,1
13753.0,287,1,741.26,0
13754.0,151,2,282.59999999999997,0
13755.0,3,9,2161.35,1
13756.0,1,14,5189.52,3
13758.0,11,7,3190.55,1
13759.0,32,2,659.4100000000001,1
13760.0,53,2,286.79,1
13761.0,49,2,1070.65,1
13762.0,218,1,306.72,0
13763.0,62,1,1714.96,1
13764.0,70,3,1521.76,1
13767.0,1,37,17220.36,3
13769.0,1,10,2796.51,1
13771.0,63,4,2634.45,1
13772.0,33,3,1132.13,1
13774.0,81,1,345.0,1
13777.0,0,33,25977.16,3
13778.0,102,1,178.7,1
13780.0,6,2,360.01,1
13781.0,250,1,127.84,0
13782.0,12,6,912.0,1
13784.0,9,11,2462.79,3
13786.0,366,1,230.39999999999998,0
13787.0,75,2,309.04,1
13790.0,3,1,348.8,1
13791.0,127,2,1516.0,1
13792.0,65,2,195.55,1
13798.0,0,57,37153.85,2
13799.0,116,2,688.86,1
13800.0,309,1,558.32,0
13801.0,66,1,324.8,1
13802.0,138,3,4599.42,1
13803.0,254,1,277.07,0
13804.0,30,7,2635.79,1
13805.0,51,2,924.6,1
13806.0,63,1,256.38,1
13807.0,366,1,112.6,0
13808.0,5,5,1747.66,1
13819.0,301,3,1140.35,0
13821.0,144,2,385.64,0
13822.0,5,2,632.0,1
13823.0,18,2,957.66,1
13824.0,32,5,1698.94,1
13826.0,175,1,189.5,0
13827.0,57,3,412.05,1
13828.0,21,1,209.49,1
13831.0,15,6,2202.99,1
13832.0,18,1,52.199999999999996,1
13833.0,158,1,384.8,0
13835.0,24,4,834.57,1
13837.0,211,2,271.24,0
13838.0,5,4,691.73,1
13841.0,252,1,85.0,0
13842.0,58,9,3385.62,1
13844.0,10,1,361.62,1
13845.0,64,1,312.98,1
13846.0,24,3,865.0600000000001,1
13848.0,91,3,1255.0,1
13849.0,51,2,1537.95,1
13850.0,128,1,1595.48,1
13851.0,95,3,2651.46,1
13853.0,56,1,1090.14,1
13854.0,8,25,8109.5199999999995,3
13856.0,168,3,388.5,0
13858.0,56,1,216.17,1
13859.0,325,1,201.16,0
13860.0,0,5,1245.9,1
13862.0,17,8,2209.36,1
13863.0,247,1,305.78,0
13865.0,57,4,501.56,1
13866.0,73,1,145.67000000000002,1
13867.0,30,3,1015.29,1
13868.0,6,2,3192.54,1
13869.0,122,4,3104.95,1
13870.0,1,8,2770.94,1
13871.0,22,13,6403.25,3
13873.0,119,3,389.6,1
13874.0,357,1,540.45,0
13875.0,53,5,1786.79,1
13876.0,63,1,122.7,1
13877.0,85,1,117.24,1
13878.0,54,1,1281.53,1
13880.0,20,13,3219.77,3
13881.0,2,20,17159.52,3
13882.0,2,5,1191.13,1
13883.0,10,5,2674.48,1
13884.0,6,5,787.6,1
13885.0,188,2,506.8,0
13886.0,70,1,243.56,1
13887.0,203,1,349.55,0
13888.0,119,2,605.63,1
13889.0,92,1,416.90000000000003,1
13890.0,0,10,1883.8100000000002,1
13892.0,26,4,632.97,1
13893.0,297,1,821.1,0
13894.0,23,3,564.62,1
13895.0,27,4,2593.07,1
13897.0,49,1,311.16,1
13898.0,325,1,155.93,0
13899.0,15,2,388.52,1
13900.0,182,3,740.95,0
13901.0,71,5,2867.2,1
13904.0,36,2,332.64,1
13908.0,79,4,2369.55,1
13911.0,56,9,2580.91,1
13914.0,11,2,626.45,1
13917.0,49,2,272.04,1
13918.0,49,2,1212.8400000000001,1
13922.0,351,1,172.25,0
13923.0,53,1,351.13,1
13924.0,1,6,1838.8500000000001,1
13925.0,92,4,678.25,1
13926.0,22,1,223.85000000000002,1
13927.0,74,1,348.99,1
13928.0,10,4,464.57,1
13929.0,168,2,842.65,0
13930.0,57,2,337.34,1
13931.0,95,2,1237.53,1
13932.0,294,1,307.4,0
13933.0,108,2,608.7900000000001,1
13934.0,263,1,922.1,0
13936.0,179,1,376.58,0
13937.0,168,1,158.85,0
13938.0,34,1,71.66,1
13939.0,22,3,568.55,1
13940.0,16,4,839.14,1
13941.0,21,5,5112.96,1
13946.0,78,3,561.5699999999999,1
13947.0,64,1,90.6,1
13948.0,360,1,102.0,0
13949.0,2,6,2427.32,1
13950.0,10,4,745.06,1
13951.0,175,3,674.45,0
13952.0,217,2,3251.071,0
13953.0,6,7,3515.68,1
13954.0,0,2,439.92,1
13955.0,153,2,322.96,0
13956.0,4,5,1026.42,1
13959.0,78,3,598.2,1
13960.0,20,2,230.22,1
13962.0,21,2,169.55,1
13963.0,307,4,664.54,0
13967.0,145,1,80.7,0
13969.0,6,18,9053.94,3
13971.0,18,8,2758.26,1
13972.0,70,2,190.25,1
13973.0,286,1,264.7,0
13974.0,48,1,413.59000000000003,1
13975.0,30,6,2526.28,1
13976.0,206,1,357.98,0
13978.0,14,2,196.79000000000002,1
13979.0,72,1,869.87,1
13980.0,59,1,200.14,1
13982.0,38,4,1871.81,1
13983.0,29,12,2603.43,3
13984.0,26,5,920.51,1
13985.0,3,15,7060.13,3
13986.0,16,1,320.46,1
13988.0,19,6,4147.96,1
13989.0,65,2,1266.08,1
13990.0,212,1,311.3,0
13991.0,11,6,855.97,1
13992.0,29,1,76.8,1
13993.0,42,9,3466.36,1
13994.0,3,6,2313.14,1
13995.0,14,5,1393.69,1
13999.0,9,12,3901.81,3
14000.0,210,1,635.66,0
14001.0,45,3,2043.0800000000002,1
14002.0,133,2,529.73,1
14004.0,42,7,4582.64,1
14005.0,9,5,2874.72,1
14006.0,115,3,962.19,1
14009.0,197,2,695.61,0
14012.0,277,1,328.8,0
14013.0,109,3,473.02,1
14014.0,76,1,505.18,1
14015.0,52,1,917.34,1
14019.0,46,3,1421.61,1
14020.0,16,2,642.8,1
14021.0,154,3,631.9,0
14022.0,224,1,440.0,0
14023.0,6,2,584.07,1
14024.0,121,2,327.7,1
14027.0,60,1,104.82,1
14029.0,62,2,467.66,1
14030.0,17,8,2360.09,1
14031.0,6,19,17286.86,3
14032.0,1,11,2975.59,3
14034.0,21,3,651.8199999999999,1
14035.0,28,5,1428.02,1
14036.0,284,1,626.65,0
14037.0,175,2,147.20000000000002,0
14038.0,77,3,1560.38,1
14039.0,32,1,152.2,1
14040.0,40,12,3614.92,3
14041.0,265,1,141.41,0
14044.0,26,4,652.82,1
14045.0,108,4,1659.75,1
14046.0,283,1,154.99,0
14047.0,8,5,1308.6100000000001,1
14048.0,304,1,409.93,0
14049.0,16,4,5681.72,1
14050.0,31,2,746.36,1
14051.0,0,23,15610.390000000001,3
14052.0,19,1,225.36,1
14053.0,123,2,260.25,1
14054.0,64,1,92.46,1
14055.0,105,1,725.6400000000001,1
14056.0,0,23,8214.65,3
14057.0,23,17,6217.96,3
14059.0,266,1,183.6,0
14060.0,4,19,6140.42,3
14062.0,9,12,10464.85,3
14064.0,28,5,1353.74,1
14066.0,266,1,152.55,0
14067.0,63,2,374.7,1
14068.0,319,1,265.85,0
14071.0,3,8,1438.82,1
14073.0,31,1,151.04,1
14075.0,4,3,942.26,1
14076.0,128,1,122.47,1
14077.0,40,5,499.41999999999996,1
14078.0,101,6,1049.37,1
14079.0,124,1,375.1,1
14080.0,32,1,45.599999999999994,1
14081.0,301,2,934.52,0
14082.0,364,1,182.25,0
14083.0,3,9,1018.43,1
14085.0,1,18,4448.54,3
14087.0,2,1,194.42,1
14088.0,9,13,50491.81,3
14089.0,56,1,161.0,1
14090.0,324,1,76.32000000000001,0
14092.0,7,14,4076.91,3
14093.0,11,1,442.85,1
14096.0,3,17,65164.79,2
14098.0,36,1,147.35,1
14099.0,15,11,3104.17,3
14100.0,137,1,194.9,1
14101.0,73,6,5976.79,1
14102.0,4,5,1360.28,1
14104.0,153,2,216.20999999999998,0
14105.0,238,1,1266.23,0
14107.0,51,7,2703.23,1
14108.0,30,2,597.91,1
14109.0,72,1,144.2,1
14110.0,3,12,5683.15,3
14111.0,13,4,692.85,1
14112.0,22,7,2915.15,1
14113.0,3,4,1840.42,1
14114.0,273,2,386.53,0
14116.0,19,5,1382.74,1
14117.0,143,1,90.0,0
14121.0,3,4,2780.15,1
14124.0,83,1,419.58000000000004,1
14125.0,10,3,2740.43,1
14126.0,7,3,706.1300000000001,1
14127.0,122,3,709.71,1
14128.0,60,2,637.5,1
14129.0,1,5,1123.8600000000001,1
14130.0,318,1,483.86,0
14132.0,1,11,3586.0299999999997,3
14133.0,129,3,605.64,1
14135.0,1,15,4690.31,3
14138.0,1,2,982.3800000000001,1
14139.0,45,1,415.82,1
14140.0,3,2,935.05,1
14141.0,2,4,915.13,1
14142.0,372,1,311.81,0
14143.0,133,1,115.8,1
14145.0,46,4,3742.2,1
14146.0,8,5,4191.0,1
14147.0,77,2,483.4,1
14148.0,233,1,157.2,0
14149.0,220,1,446.62,0
14150.0,35,2,658.64,1
14152.0,74,2,621.29,1
14154.0,238,2,1345.62,0
14155.0,265,1,118.75,0
14157.0,19,2,432.88,1
14158.0,39,1,507.66,1
14159.0,19,11,4693.01,3
14161.0,215,3,1110.52,0
14162.0,173,2,289.36,0
14163.0,86,4,2445.91,1
14164.0,70,2,1631.77,1
14165.0,275,1,122.53999999999999,0
14167.0,38,4,574.84,1
14171.0,97,1,363.79,1
14173.0,10,4,450.84,1
14174.0,32,1,134.46,1
14175.0,59,3,3222.3,1
14176.0,296,4,576.9000000000001,0
14177.0,85,4,559.41,1
14178.0,8,7,1620.93,1
14179.0,40,2,719.78,1
14180.0,10,25,4748.52,3
14184.0,66,1,452.89,1
14185.0,330,1,197.65,0
14188.0,30,6,2054.36,1
14189.0,1,15,4654.08,3
14191.0,1,13,4684.76,3
14193.0,67,2,853.39,1
14194.0,4,21,11349.52,3
14195.0,201,2,1012.0,0
14196.0,106,1,335.52,1
14198.0,17,4,701.4,1
14199.0,217,1,185.39999999999998,0
14201.0,59,7,747.44,1
14204.0,1,1,161.03,1
14205.0,16,2,466.7,1
14206.0,238,1,328.15999999999997,0
14208.0,94,1,151.74,1
14209.0,10,6,2073.43,1
14210.0,105,6,1905.8400000000001,1
14211.0,52,9,2241.1,1
14212.0,89,1,1070.48,1
14214.0,30,5,1004.38,1
14215.0,11,6,1789.72,1
14216.0,2,4,1839.3,1
14217.0,1,17,2004.98,3
14218.0,42,1,169.48000000000002,1
14219.0,3,1,89.94,1
14220.0,246,2,632.4,0
14221.0,41,9,3432.8,1
14222.0,176,1,683.17,0
14223.0,91,3,991.13,1
14224.0,109,4,1050.12,1
14226.0,28,5,2232.19,1
14227.0,25,10,3350.96,1
14229.0,51,3,1547.2,1
14231.0,183,3,925.71,0
14232.0,42,5,2048.07,1
14233.0,48,4,1462.72,1
14234.0,21,4,775.46,1
14235.0,74,5,3144.86,1
14236.0,80,2,490.86,1
14237.0,372,1,161.0,0
14238.0,325,1,146.85,0
14239.0,42,11,2380.85,1
14240.0,29,2,890.34,1
14241.0,183,1,213.70000000000002,0
14242.0,234,2,280.55,0
14243.0,8,10,2588.77,1
14245.0,219,2,1693.45,0
14246.0,110,3,1474.06,1
14247.0,277,1,136.76999999999998,0
14248.0,317,1,302.58,0
14250.0,6,3,1904.05,1
14251.0,1,5,2879.7000000000003,1
14256.0,259,2,969.0600000000001,0
14257.0,63,5,3099.7200000000003,1
14258.0,8,9,12669.98,3
14259.0,141,1,120.0,1
14261.0,50,2,1163.45,1
14262.0,7,8,2618.23,1
14264.0,154,2,333.97,0
14267.0,162,3,1516.24,0
14270.0,331,1,492.65000000000003,0
14271.0,225,1,112.32,0
14272.0,73,2,437.96,1
14273.0,50,4,559.97,1
14276.0,98,3,1119.74,1
14280.0,196,1,134.04,0
14282.0,2,15,3729.34,3
14284.0,30,2,595.25,1
14285.0,20,4,1910.01,1
14286.0,23,3,4628.75,1
14287.0,7,3,176.63,1
14288.0,212,1,426.6,0
14289.0,8,6,911.26,1
14290.0,10,5,2314.65,1
14291.0,1,11,3883.25,3
14292.0,7,9,4871.93,1
14293.0,2,4,1046.56,1
14295.0,39,1,166.20000000000002,1
14297.0,17,4,1305.33,1
14298.0,7,44,51527.3,2
14299.0,7,9,3965.62,1
14300.0,18,1,43.2,1
14301.0,116,1,640.14,1
14304.0,222,1,383.45,0
14305.0,70,3,1858.96,1
14306.0,50,2,2093.32,1
14307.0,88,6,2995.72,1
14309.0,7,9,2352.53,1
14311.0,242,1,310.26,0
14312.0,46,6,1611.59,1
14314.0,106,1,120.0,1
14315.0,44,6,2481.13,1
14317.0,64,1,508.58000000000004,1
14320.0,206,2,477.79,0
14321.0,10,5,1530.75,1
14323.0,114,2,605.0600000000001,1
14326.0,241,1,183.85,0
14327.0,162,1,311.65,0
14329.0,16,7,5014.84,1
14331.0,123,2,462.65999999999997,1
14332.0,22,3,866.31,1
14333.0,67,1,415.2,1
14334.0,16,8,2552.21,1
14336.0,16,4,1614.91,1
14338.0,160,2,588.22,0
14339.0,242,1,309.52,0
14340.0,218,1,134.7,0
14341.0,44,8,2182.28,1
14342.0,20,4,668.5600000000001,1
14344.0,126,8,889.9300000000001,1
14345.0,38,1,108.97999999999999,1
14346.0,120,2,1021.58,1
14348.0,259,1,409.57,0
14349.0,9,1,133.5,1
14350.0,273,1,282.93,0
14351.0,164,1,51.0,0
14352.0,156,4,1078.96,0
14353.0,214,1,90.6,0
14354.0,5,2,163.62,1
14355.0,365,1,174.4,0
14356.0,79,2,701.23,1
14357.0,42,1,225.77,1
14359.0,18,3,912.18,1
14360.0,31,4,2128.23,1
14362.0,21,1,161.2,1
14364.0,108,8,3717.35,1
14367.0,7,16,9261.52,3
14368.0,319,1,155.0,0
14371.0,294,1,100.5,0
14373.0,357,1,76.55,0
14375.0,184,1,257.68,0
14377.0,190,2,617.05,0
14379.0,43,2,348.1,1
14381.0,51,1,202.68,1
14382.0,25,1,626.0699999999999,1
14383.0,37,3,1247.69,1
14385.0,8,3,202.11,1
14386.0,296,1,142.4,0
14387.0,32,3,1770.56,1
14388.0,9,8,3212.84,1
14389.0,64,2,1043.46,1
14390.0,9,9,4652.82,1
14393.0,217,1,67.95,0
14395.0,1,9,3507.71,1
14396.0,64,2,487.99,1
14397.0,2,19,2612.96,3
14400.0,148,1,574.7,0
14401.0,3,13,4051.48,3
14403.0,129,4,1475.81,1
14404.0,33,6,1474.32,1
14406.0,118,1,156.75,1
14407.0,106,6,2157.73,1
14408.0,10,7,2606.53,1
14409.0,70,6,2059.4500000000003,1
14410.0,91,9,1105.07,1
14411.0,310,1,1063.0,0
14412.0,42,2,770.03,1
14413.0,361,1,122.7,0
14414.0,91,7,1496.98,1
14415.0,0,13,5900.28,3
14416.0,21,2,490.22,1
14418.0,3,3,1937.25,1
14419.0,10,6,1058.06,1
14420.0,98,1,387.52,1
14421.0,56,2,813.11,1
14422.0,0,6,4263.64,1
14423.0,217,1,265.2,0
14424.0,17,1,322.08,1
14426.0,23,10,4481.67,1
14427.0,49,2,363.34000000000003,1
14428.0,6,5,1244.83,1
14431.0,302,1,470.36,0
14432.0,9,6,2255.51,1
14434.0,21,6,1372.8,1
14436.0,98,1,89.06,1
14437.0,365,1,63.0,0
14438.0,305,1,131.9,0
14440.0,7,5,2357.6800000000003,1
14441.0,0,4,1712.89,1
14443.0,53,4,1420.2,1
14446.0,0,4,1039.58,1
14447.0,18,5,1163.23,1
14448.0,8,2,375.35,1
14449.0,18,4,907.1,1
14450.0,180,3,483.25,0
14451.0,59,2,662.59,1
14452.0,10,2,264.44,1
14453.0,189,1,119.93,0
14456.0,4,9,3062.4,1
14457.0,310,1,113.64,0
14459.0,154,1,1837.92,0
14460.0,109,3,434.34,1
14461.0,147,3,2103.06,0
14462.0,65,11,2004.02,1
14463.0,97,3,529.62,1
14465.0,246,3,1058.6200000000001,0
14466.0,28,7,2272.4,1
14467.0,17,4,598.76,1
14470.0,11,2,461.19,1
14472.0,103,8,1936.84,1
14473.0,73,2,234.34000000000003,1
14474.0,45,1,547.66,1
14475.0,71,3,925.85,1
14476.0,256,1,215.7,0
14477.0,19,4,1309.6,1
14479.0,253,2,316.25,0
14480.0,10,1,279.05,1
14481.0,164,2,636.51,0
14482.0,17,6,2068.15,1
14483.0,281,1,137.1,0
14484.0,49,1,321.92,1
14485.0,38,1,165.75,1
14487.0,26,6,1196.33,1
14488.0,67,1,1064.28,1
14489.0,206,1,463.38,0
14491.0,174,2,340.93,0
14493.0,6,5,2383.2400000000002,1
14494.0,25,1,139.56,1
14495.0,50,2,123.8,1
14496.0,311,2,538.8100000000001,0
14497.0,308,1,475.37,0
14498.0,42,5,1957.32,1
14499.0,25,3,815.32,1
14500.0,87,3,356.85,1
14501.0,183,2,251.21,0
14502.0,19,11,2470.67,3
14503.0,2,6,3543.26,1
14504.0,46,4,673.26,1
14505.0,16,8,5905.64,1
14506.0,16,5,2012.17,1
14507.0,23,6,1383.18,1
14508.0,21,2,276.42,1
14511.0,10,5,1314.81,1
14512.0,187,2,275.28,0
14513.0,100,3,455.59000000000003,1
14514.0,60,3,1055.35,1
14515.0,17,6,2102.09,1
14517.0,32,2,330.45,1
14518.0,63,1,174.37,1
14520.0,1,2,270.6,1
14522.0,23,4,974.54,1
14523.0,107,1,241.09,1
14524.0,31,9,1867.68,1
14525.0,19,9,4332.2,1
14527.0,2,55,8508.82,3
14528.0,36,1,364.21999999999997,1
14529.0,59,3,620.04,1
14530.0,25,6,2925.91,1
14532.0,235,4,932.85,0
14533.0,24,7,1949.72,1
14534.0,2,18,4447.05,3
14535.0,59,3,2864.19,1
14536.0,259,1,171.8,0
14537.0,57,1,355.56,1
14538.0,64,2,388.25,1
14539.0,15,2,537.48,1
14540.0,9,3,996.26,1
14541.0,58,8,1461.65,1
14542.0,185,1,103.25,0
14543.0,28,16,3630.33,3
14544.0,23,2,2024.45,1
14546.0,4,5,2578.09,1
14547.0,3,8,4007.54,1
14548.0,150,2,652.8,0
14549.0,310,1,289.24,0
14550.0,10,2,765.62,1
14551.0,17,2,186.23,1
14552.0,151,1,165.07,0
14553.0,18,5,859.27,1
14554.0,9,4,2381.04,1
14555.0,56,2,324.14,1
14557.0,84,1,788.38,1
14560.0,6,22,2237.77,3
14561.0,75,3,1080.76,1
14562.0,3,18,5074.77,3
14565.0,95,4,3099.12,1
14567.0,56,2,1530.3600000000001,1
14569.0,0,1,227.39,1
14570.0,280,2,218.06,0
14572.0,2,7,2832.84,1
14573.0,179,9,1653.42,0
14576.0,371,1,35.400000000000006,0
14577.0,12,4,859.71,1
14578.0,2,1,168.63,1
14581.0,16,1,138.6,1
14582.0,40,1,114.11,1
14583.0,5,5,1052.55,1
14584.0,168,4,1042.26,0
14585.0,49,1,157.05,1
14586.0,276,1,237.36,0
14587.0,18,9,1601.14,1
14589.0,371,1,39.75,0
14591.0,14,4,1447.14,1
14592.0,34,3,570.46,1
14593.0,21,3,617.99,1
14594.0,6,2,379.83,1
14595.0,19,6,1740.6,1
14597.0,10,2,883.15,1
14598.0,43,1,221.97,1
14600.0,305,1,393.33000000000004,0
14601.0,10,1,213.96,1
14603.0,274,1,660.0,0
14606.0,0,93,12156.65,2
14607.0,15,14,16569.5,3
14608.0,3,4,1785.15,1
14609.0,71,4,601.56,1
14616.0,242,3,406.08000000000004,0
14618.0,8,3,553.44,1
14619.0,245,1,394.44,0
14620.0,205,2,412.78000000000003,0
14621.0,0,5,1788.3600000000001,1
14622.0,184,1,320.58000000000004,0
14623.0,31,5,889.25,1
14624.0,56,2,225.85,1
14625.0,195,2,899.63,0
14626.0,23,4,2791.27,1
14628.0,90,2,671.96,1
14629.0,3,2,959.01,1
14631.0,50,3,1006.98,1
14632.0,262,1,114.56,0
14633.0,265,1,344.90000000000003,0
14636.0,35,2,609.85,1
14638.0,50,1,443.6,1
14639.0,51,6,2984.49,1
14640.0,23,6,2125.08,1
14641.0,21,1,110.46,1
14642.0,58,1,96.12,1
14643.0,169,2,693.8100000000001,0
14644.0,67,2,830.76,1
14645.0,156,2,597.09,0
14647.0,200,1,243.22,0
14649.0,4,4,1417.29,1
14651.0,66,2,654.6,1
14652.0,76,1,114.18,1
14653.0,0,7,1947.55,1
14655.0,7,4,1932.23,1
14656.0,168,2,291.05,0
14657.0,17,4,848.22,1
14658.0,4,2,247.15,1
14659.0,8,9,2529.93,1
14660.0,86,2,285.74,1
14661.0,26,1,107.95,1
14662.0,28,4,771.17,1
14664.0,19,2,637.89,1
14665.0,60,5,1835.7,1
14666.0,23,1,195.25,1
14667.0,10,25,9241.2,3
14669.0,241,3,1269.99,0
14670.0,279,2,411.53,0
14672.0,234,2,765.55,0
14673.0,2,5,1736.4,1
14675.0,15,1,604.75,1
14676.0,30,6,2548.2400000000002,1
14680.0,24,16,28754.11,3
14681.0,70,3,498.95,1
14682.0,187,2,52.0,0
14684.0,25,5,1236.28,1
14687.0,106,1,628.38,1
14688.0,7,21,5630.87,3
14689.0,208,1,112.8,0
14690.0,43,2,371.7,1
14691.0,30,5,2114.33,1
14692.0,136,4,591.55,1
14693.0,263,1,172.9,0
14696.0,3,7,2078.95,1
14697.0,217,2,188.60999999999999,0
14698.0,1,5,1250.76,1
14699.0,213,1,109.13000000000001,0
14700.0,31,3,2235.3,1
14701.0,10,9,2549.37,1
14702.0,0,17,3292.14,3
14703.0,14,1,318.17,1
14704.0,10,9,1546.91,1
14705.0,198,1,179.0,0
14708.0,2,3,1126.37,1
14709.0,14,13,4921.04,3
14710.0,13,4,606.13,1
14711.0,9,11,2868.8,3
14712.0,28,3,917.07,1
14713.0,8,11,2666.36,3
14714.0,23,1,160.19,1
14715.0,24,4,867.38,1
14716.0,42,2,329.68,1
14719.0,1,5,1602.13,1
14720.0,5,3,663.81,1
14722.0,146,1,187.92000000000002,0
14723.0,9,6,1158.3,1
14725.0,24,1,718.08,1
14727.0,273,1,268.58,0
14729.0,373,1,313.49,0
14730.0,0,8,2005.06,1
14731.0,46,3,380.02,1
14732.0,7,8,2702.4900000000002,1
14733.0,15,12,9585.91,3
14735.0,3,32,6065.69,3
14737.0,3,3,1164.55,1
14738.0,42,7,1314.45,1
14739.0,3,7,3902.28,1
14740.0,196,3,1448.21,0
14741.0,11,6,1400.34,1
14744.0,15,7,1099.98,1
14745.0,112,5,1220.26,1
14747.0,248,1,328.2,0
14748.0,28,5,1415.75,1
14752.0,43,1,389.64,1
14753.0,86,1,563.15,1
14754.0,44,2,638.05,1
14755.0,9,11,5010.28,3
14756.0,14,1,738.96,1
14757.0,74,1,420.5,1
14758.0,144,4,1484.06,1
14759.0,4,3,1625.97,1
14760.0,296,1,89.2,0
14761.0,58,2,255.9,1
14762.0,263,1,300.52,0
14764.0,46,1,278.3,1
14765.0,28,3,254.11,1
14766.0,7,6,2473.37,1
14768.0,16,2,192.60000000000002,1
14769.0,2,8,10674.75,3
14770.0,231,2,876.42,0
14772.0,111,1,139.26,1
14775.0,57,3,1011.9,1
14776.0,50,11,2538.3,1
14778.0,126,2,730.86,1
14779.0,280,3,386.15,0
14780.0,54,2,447.68,1
14782.0,319,1,200.10000000000002,0
14784.0,25,2,289.99,1
14785.0,9,2,77.4,1
14788.0,6,2,679.4399999999999,1
14789.0,28,1,197.64,1
14790.0,16,4,745.06,1
14792.0,63,1,6.2,1
14793.0,20,1,228.99,1
14794.0,2,7,1319.91,1
14795.0,165,1,131.45000000000002,0
14796.0,0,17,8022.49,3
14798.0,52,3,173.74,1
14799.0,50,1,157.7,1
14800.0,47,12,4339.74,3
14801.0,60,1,193.14,1
14803.0,161,3,845.55,0
14804.0,8,1,353.27,1
14805.0,14,4,554.65,1
14806.0,74,1,193.39000000000001,1
14808.0,39,8,2741.17,1
14810.0,40,11,2087.88,1
14813.0,369,2,155.43,0
14815.0,36,2,778.5,1
14816.0,196,1,271.85,0
14817.0,199,2,1110.34,0
14818.0,73,3,657.8,1
14819.0,63,2,272.07,1
14820.0,20,4,507.29,1
14821.0,366,1,48.800000000000004,0
14823.0,179,3,321.43,0
14824.0,9,4,1127.71,1
14825.0,3,12,2226.91,3
14828.0,196,3,2139.76,0
14829.0,28,4,697.55,1
14830.0,52,1,197.13,1
14834.0,17,6,1720.3,1
14836.0,9,3,102.44999999999999,1
14837.0,89,4,1649.5,1
14840.0,267,1,62.85,0
14841.0,52,6,3295.76,1
14842.0,43,4,2824.69,1
14844.0,63,4,3189.81,1
14847.0,148,1,309.4,0
14849.0,21,25,7930.54,3
14850.0,311,1,325.75,0
14851.0,22,2,511.35,1
14852.0,57,6,2836.69,1
14853.0,23,2,475.8,1
14854.0,77,7,2759.83,1
14855.0,118,2,645.65,1
14856.0,35,3,1311.3799999999999,1
14857.0,59,2,1173.12,1
14859.0,12,4,1353.74,1
14860.0,18,1,170.32,1
14861.0,51,1,125.79,1
14862.0,25,2,841.1999999999999,1
14863.0,28,1,266.76,1
14865.0,6,2,52.2,1
14866.0,10,12,14389.9,3
14867.0,185,3,710.28,0
14868.0,2,8,2953.59,1
14869.0,8,2,725.7,1
14870.0,261,1,327.25,0
14871.0,2,4,522.38,1
14873.0,209,1,519.68,0
14875.0,107,2,1465.3200000000002,1
14878.0,12,9,1485.54,1
14880.0,76,3,706.19,1
14881.0,19,1,255.4,1
14882.0,26,2,589.7,1
14883.0,18,6,761.59,1
14885.0,131,1,765.3199999999999,1
14886.0,252,1,364.8,0
14887.0,78,1,1862.0,1
14888.0,206,1,369.2,0
14889.0,335,1,135.9,0
14890.0,253,1,125.65,0
14891.0,147,2,554.38,0
14893.0,9,2,1237.8500000000001,1
14894.0,84,1,655.75,1
14895.0,7,20,11138.710000000001,3
14896.0,204,2,468.77000000000004,0
14897.0,7,4,1366.38,1
14898.0,22,6,1303.52,1
14901.0,10,9,1421.29,1
14902.0,25,1,332.66,1
14903.0,20,5,2810.63,1
14904.0,1,2,1025.44,1
14905.0,157,2,616.15,0
14907.0,2,7,3501.1,1
14908.0,73,1,277.8,1
14910.0,2,4,434.35,1
14913.0,35,4,1227.43,1
14915.0,90,2,307.48,1
14916.0,70,4,1268.98,1
14918.0,115,2,1610.15,1
14920.0,212,2,977.77,0
14921.0,29,2,1316.07,1
14923.0,50,1,749.1,1
14924.0,245,1,310.05,0
14929.0,31,1,223.88,1
14944.0,29,12,5900.25,3
14946.0,13,1,100.9,1
14947.0,71,2,290.82,1
14948.0,22,6,1101.97,1
14950.0,18,1,371.2,1
14951.0,78,1,311.69,1
14952.0,59,11,8099.49,3
14953.0,24,1,289.82,1
14954.0,11,1,336.17,1
14957.0,252,1,58.49,0
14958.0,146,3,499.68,0
14959.0,63,4,695.42,1
14960.0,7,2,221.27,1
14961.0,10,9,7044.68,3
14962.0,270,1,126.7,0
14963.0,9,5,1487.8,1
14964.0,246,1,206.21,0
14965.0,95,2,599.0,1
14966.0,14,1,191.32,1
14967.0,49,1,463.8,1
14968.0,29,1,147.59,1
14970.0,67,4,1592.06,1
14971.0,34,3,1116.57,1
14972.0,127,1,114.77,1
14973.0,106,3,1314.45,1
14974.0,36,1,114.39,1
14975.0,56,1,279.94,1
14976.0,56,7,790.86,1
14978.0,71,5,1931.42,1
14981.0,245,1,102.12,0
14984.0,18,2,213.27,1
14985.0,197,2,296.75,0
14987.0,15,2,326.4,1
14988.0,211,1,334.54,0
14995.0,38,2,233.23000000000002,1
14997.0,45,3,546.1999999999999,1
14998.0,169,2,429.87,0
15000.0,47,1,490.52,1
15002.0,115,4,1641.76,1
15004.0,146,1,1246.32,0
15005.0,15,28,6316.57,3
15006.0,50,1,502.09,1
15007.0,158,1,156.91,0
15009.0,11,3,1261.78,1
15010.0,35,1,308.94,1
15012.0,53,2,423.04,1
15014.0,42,2,260.17,1
15016.0,172,1,170.04,0
15017.0,33,1,125.58,1
15018.0,38,3,496.21000000000004,1
15019.0,266,1,266.0,0
15021.0,8,9,1914.82,1
15022.0,11,4,905.04,1
15023.0,2,11,6802.76,3
15024.0,9,10,1661.33,1
15025.0,32,1,377.01,1
15026.0,79,3,469.0,1
15027.0,30,4,1066.1499999999999,1
15028.0,7,4,627.13,1
15030.0,71,2,518.28,1
15031.0,3,4,668.14,1
15032.0,255,3,4959.1,0
15033.0,4,10,2586.67,1
15034.0,15,8,4308.61,1
15035.0,89,1,252.73000000000002,1
15036.0,71,3,465.55,1
15038.0,58,6,705.49,1
15039.0,9,47,19914.44,3
15041.0,169,1,180.35,0
15042.0,198,1,135.93,0
15043.0,30,1,537.0,1
15044.0,18,17,7700.2300000000005,3
15045.0,151,2,735.66,0
15046.0,8,15,5213.7699999999995,3
15047.0,269,1,343.62,0
15048.0,64,4,384.05,1
15049.0,273,1,121.17000000000002,0
15050.0,24,3,1782.09,1
15051.0,22,3,1391.61,1
15052.0,318,1,215.78,0
15053.0,4,3,697.79,1
15054.0,11,2,302.1,1
15057.0,274,2,1489.5,0
15058.0,24,11,2124.9900000000002,1
15059.0,40,9,1337.72,1
15060.0,7,4,303.09,1
15061.0,3,48,54534.14,2
15062.0,70,4,987.86,1
15063.0,212,1,370.79999999999995,0
15065.0,37,4,3158.13,1
15066.0,52,1,893.59,1
15067.0,77,3,1744.76,1
15068.0,45,2,553.36,1
15069.0,178,1,1109.53,0
15070.0,372,1,106.2,0
15071.0,93,2,982.07,1
15073.0,9,3,1043.41,1
15074.0,104,1,748.87,1
15075.0,77,1,773.03,1
15076.0,172,1,880.85,0
15078.0,6,32,9743.11,3
15079.0,212,4,895.61,0
15081.0,21,5,504.8,1
15083.0,256,1,88.2,0
15087.0,281,1,306.94,0
15088.0,20,2,1160.07,1
15089.0,9,6,2420.84,1
15090.0,307,1,381.32,0
15091.0,67,1,480.71,1
15092.0,214,2,457.81,0
15093.0,17,6,4597.02,1
15095.0,103,4,1370.6,1
15096.0,42,1,219.39000000000001,1
15097.0,3,1,248.08,1
15098.0,181,3,39916.5,3
15099.0,83,1,410.48,1
15100.0,333,3,876.0,0
15101.0,8,2,317.53,1
15103.0,30,2,703.36,1
15104.0,196,2,1027.44,0
15105.0,17,7,2298.93,1
15106.0,17,5,1422.52,1
15107.0,310,6,319.5,0
15109.0,245,1,484.95,0
15110.0,23,4,996.1,1
15111.0,28,3,1567.48,1
15113.0,9,3,3609.33,1
15114.0,29,10,2760.56,1
15115.0,17,1,340.11,1
15116.0,17,4,1352.75,1
15117.0,14,5,1551.78,1
15118.0,133,1,244.8,1
15119.0,245,1,266.4,0
15120.0,133,1,358.82,1
15121.0,49,2,457.72,1
15122.0,113,3,1633.78,1
15123.0,6,2,2199.31,1
15124.0,22,2,184.19,1
15125.0,24,15,11528.48,3
15127.0,65,1,406.53,1
15128.0,59,4,1471.0,1
15129.0,49,11,3447.4,3
15130.0,169,1,330.11,0
15132.0,17,5,977.9300000000001,1
15133.0,127,3,982.42,1
15134.0,14,8,1387.99,1
15135.0,238,1,139.05,0
15136.0,2,4,1286.7,1
15139.0,239,2,178.96,0
15140.0,51,7,2354.25,1
15142.0,45,1,498.74,1
15143.0,225,1,259.45,0
15144.0,7,17,6580.44,3
15145.0,3,4,1194.73,1
15146.0,164,2,1327.16,0
15147.0,239,1,623.5,0
15148.0,10,1,301.29,1
15149.0,133,1,520.8000000000001,1
15150.0,16,10,5314.47,3
15152.0,9,13,4745.69,3
15153.0,30,1,329.25,1
15154.0,74,1,296.42,1
15156.0,0,3,961.49,1
15157.0,3,3,1936.07,1
15158.0,44,1,401.40000000000003,1
15159.0,1,30,18641.010000000002,3
15160.0,356,1,158.16,0
15163.0,17,2,304.47,1
15164.0,68,3,843.05,1
15165.0,372,1,487.75,0
15167.0,320,1,163.0,0
15168.0,25,1,106.56,1
15171.0,330,1,1289.5,0
15172.0,8,5,1624.05,1
15174.0,322,1,135.75,0
15175.0,71,1,224.14,1
15178.0,259,1,40.5,0
15179.0,17,5,2206.95,1
15180.0,366,1,87.5,0
15181.0,65,3,689.4799999999999,1
15182.0,153,2,622.85,0
15184.0,28,2,406.76,1
15185.0,69,1,310.62,1
15186.0,13,2,411.41,1
15187.0,1,16,4777.18,3
15189.0,0,41,16225.39,3
15192.0,119,3,1044.32,1
15193.0,60,1,499.32,1
15194.0,2,15,7616.53,3
15195.0,2,1,3861.0,1
15197.0,10,3,1079.6100000000001,1
15198.0,91,2,193.64,1
15199.0,58,4,1268.7,1
15201.0,86,5,1236.54,1
15203.0,25,6,1827.8,1
15204.0,356,1,316.58,0
15205.0,84,2,653.24,1
15206.0,9,4,420.29999999999995,1
15208.0,0,5,870.12,1
15210.0,224,1,331.18,0
15211.0,59,2,894.4100000000001,1
15212.0,240,1,101.8,0
15213.0,318,2,328.35,0
15214.0,1,8,1661.44,1
15215.0,46,3,734.94,1
15216.0,87,1,96.6,1
15218.0,10,11,5756.89,3
15219.0,175,1,305.75,0
15220.0,51,6,1778.96,1
15221.0,365,1,403.25,0
15222.0,318,1,585.0,0
15223.0,225,2,755.75,0
15224.0,357,2,322.08,0
15225.0,233,1,409.40000000000003,0
15226.0,310,1,154.41,0
15227.0,36,5,1219.4,1
15228.0,65,4,3386.71,1
15230.0,238,2,429.6,0
15232.0,112,2,612.06,1
15234.0,276,1,197.0,0
15235.0,217,12,2247.51,0
15236.0,298,1,321.05,0
15237.0,1,4,1412.32,1
15238.0,28,3,1071.99,1
15239.0,9,2,780.59,1
15240.0,44,5,1706.57,1
15241.0,66,8,1756.44,1
15243.0,73,1,316.68,1
15244.0,64,2,631.57,1
15245.0,133,3,2515.84,1
15246.0,237,2,514.15,0
15247.0,121,1,356.0,1
15249.0,31,13,6688.46,3
15251.0,8,11,10484.99,3
15252.0,35,2,740.78,1
15253.0,15,5,918.1999999999999,1
15254.0,126,1,300.36,1
15255.0,66,1,890.85,1
15256.0,148,1,98.45,0
15257.0,282,1,317.15,0
15258.0,168,2,623.16,0
15260.0,99,7,1810.77,1
15261.0,134,1,254.82,1
15262.0,323,1,178.95000000000002,0
15263.0,106,1,156.51,1
15264.0,63,1,393.74,1
15265.0,150,2,1506.1200000000001,0
15266.0,337,1,119.3,0
15267.0,21,5,1717.36,1
15269.0,23,1,408.8,1
15270.0,15,7,2379.49,1
15271.0,6,15,2507.07,3
15272.0,56,2,721.94,1
15274.0,3,2,716.57,1
15275.0,37,1,615.14,1
15276.0,65,1,135.31,1
15277.0,46,1,255.89999999999998,1
15279.0,354,1,290.51,0
15280.0,171,1,113.12,0
15281.0,58,9,2332.15,1
15286.0,49,1,240.55,1
15287.0,21,2,486.69,1
15288.0,42,5,2306.52,1
15289.0,28,3,939.78,1
15290.0,4,18,7943.22,3
15291.0,25,15,4668.3,3
15292.0,200,1,180.94,0
15296.0,50,6,3672.86,1
15297.0,9,3,641.94,1
15298.0,1,12,4799.9,3
15299.0,66,7,4507.01,1
15300.0,63,1,496.44,1
15301.0,50,12,5070.35,3
15303.0,289,1,574.02,0
15304.0,60,8,694.4000000000001,1
15306.0,63,3,1174.35,1
15307.0,95,1,205.3,1
15308.0,273,1,310.47,0
15311.0,0,91,60767.9,2
15312.0,74,4,924.85,1
15313.0,109,1,52.0,1
15314.0,198,1,327.97,0
15315.0,63,2,570.5,1
15316.0,326,1,165.0,0
15318.0,3,1,312.62,1
15319.0,283,1,204.5,0
15320.0,43,1,267.13,1
15321.0,70,3,2748.31,1
15322.0,85,1,679.68,1
15325.0,103,1,162.29,1
15326.0,333,1,311.71,0
15327.0,52,1,208.75,1
15329.0,38,3,1049.7,1
15330.0,31,2,714.96,1
15333.0,207,1,1028.56,0
15334.0,156,3,351.67,0
15335.0,52,1,173.97,1
15339.0,65,2,574.07,1
15341.0,80,1,2020.52,1
15342.0,129,1,406.09,1
15343.0,86,1,364.5,1
15344.0,0,3,563.94,1
15345.0,45,1,393.54,1
15346.0,332,1,252.42000000000002,0
15347.0,365,1,201.60000000000002,0
15348.0,71,1,158.04,1
15349.0,157,2,473.81,0
15350.0,372,1,115.65,0
15351.0,11,7,1960.1100000000001,1
15353.0,254,2,777.02,0
15355.0,28,2,277.05,1
15356.0,30,10,2766.5,1
15358.0,4,22,8347.2,3
15360.0,39,1,427.93,1
15361.0,361,1,418.92,0
15363.0,372,1,326.0,0
15364.0,95,2,913.19,1
15365.0,25,7,2314.32,1
15366.0,74,2,602.51,1
15367.0,56,4,1877.59,1
15368.0,20,1,446.94000000000005,1
15370.0,40,7,2386.05,1
15372.0,136,1,2007.3999999999999,1
15373.0,7,12,2415.91,3
15374.0,128,1,168.0,1
15376.0,39,3,1233.3600000000001,1
15379.0,168,7,3703.29,0
15380.0,8,5,1690.2600000000002,1
15381.0,213,2,596.85,0
15382.0,14,6,5955.71,1
15384.0,169,2,642.41,0
15385.0,39,1,316.88,1
15386.0,185,1,394.14,0
15389.0,171,1,500.0,0
15392.0,4,4,1535.53,1
15393.0,15,2,231.86,1
15394.0,9,4,2183.54,1
15395.0,325,1,107.45,0
15396.0,112,1,288.18,1
15397.0,289,1,94.0,0
15398.0,15,2,1345.53,1
15399.0,0,3,815.77,1
15400.0,91,5,716.2,1
15402.0,148,2,626.77,0
15405.0,188,1,349.1,0
15406.0,30,2,510.71000000000004,1
15407.0,33,4,1056.44,1
15408.0,263,1,267.18,0
15410.0,83,8,3450.84,1
15411.0,25,4,1358.88,1
15412.0,170,1,190.53,0
15414.0,9,3,774.9000000000001,1
15415.0,312,1,572.8100000000001,0
15416.0,64,4,3984.32,1
15417.0,84,1,508.8,1
15419.0,24,1,135.86,1
15421.0,58,4,950.36,1
15422.0,322,2,97.7,0
15423.0,37,1,43.5,1
15424.0,253,2,383.34,0
15426.0,18,5,1447.39,1
15427.0,32,3,1483.14,1
15428.0,14,1,93.78,1
15429.0,26,2,397.35,1
15432.0,22,1,171.19,1
15433.0,213,2,533.3,0
15434.0,7,5,1041.48,1
15435.0,21,1,149.29,1
15436.0,11,3,1122.53,1
15437.0,261,1,200.16,0
15438.0,130,1,156.57999999999998,1
15440.0,54,3,383.68,1
15442.0,248,1,594.0,0
15443.0,1,7,3236.91,1
15444.0,8,2,1418.26,1
15445.0,263,1,113.5,0
15447.0,330,1,155.17,0
15448.0,312,1,494.64,0
15449.0,25,3,974.52,1
15450.0,29,1,429.84,1
15452.0,29,3,538.73,1
15453.0,1,7,1388.37,1
15454.0,361,1,179.1,0
15456.0,282,3,447.22,0
15457.0,261,1,237.07,0
15458.0,24,1,161.64,1
15460.0,353,1,216.76,0
15462.0,93,3,234.6,1
15463.0,28,1,126.14,1
15464.0,337,1,1048.85,0
15465.0,19,18,7354.62,3
15466.0,84,1,334.53,1
15467.0,8,3,524.88,1
15468.0,50,2,467.51,1
15469.0,49,2,538.55,1
15471.0,1,1,469.48,1
15472.0,112,1,371.56,1
15473.0,13,7,1771.2,1
15475.0,76,1,454.10999999999996,1
15478.0,39,2,1441.42,1
15482.0,15,12,11054.96,3
15483.0,160,4,233.81,0
15484.0,0,4,3594.31,1
15485.0,29,3,2575.0,1
15488.0,92,1,91.32000000000001,1
15489.0,22,3,1134.28,1
15491.0,94,6,3100.09,1
15492.0,27,2,659.4599999999999,1
15493.0,32,5,2001.8,1
15494.0,20,2,1299.23,1
15497.0,17,2,1262.2,1
15498.0,2,27,13316.4,3
15500.0,7,4,1131.56,1
15502.0,15,12,10384.93,3
15503.0,362,1,147.09,0
15504.0,80,1,52.83,1
15505.0,52,5,3610.96,1
15506.0,22,3,979.26,1
15507.0,171,1,492.36,0
15508.0,188,6,1000.27,0
15510.0,330,1,250.0,0
15511.0,11,5,909.23,1
15512.0,155,2,121.0,0
15513.0,32,19,14758.220000000001,3
15514.0,11,11,4139.46,3
15516.0,44,3,62.43,1
15517.0,232,1,267.03,0
15518.0,63,8,1942.45,1
15520.0,1,1,343.5,1
15521.0,39,8,3000.2,1
15522.0,32,2,398.84,1
15523.0,83,1,412.01000000000005,1
15524.0,24,1,440.0,1
15525.0,1,3,825.92,1
15526.0,32,2,148.44,1
15527.0,18,8,2429.78,1
15528.0,253,1,229.33,0
15529.0,22,11,3995.23,3
15530.0,21,4,1502.35,1
15531.0,7,2,2007.44,1
15532.0,24,4,1580.93,1
15533.0,18,3,807.57,1
15535.0,172,4,536.4,0
15537.0,162,1,110.92,0
15539.0,6,1,538.46,1
15540.0,10,1,213.3,1
15541.0,113,1,85.13000000000001,1
15543.0,287,1,127.86,0
15544.0,8,9,3546.71,1
15545.0,53,2,292.71999999999997,1
15547.0,6,14,4954.84,3
15549.0,76,3,1693.26,1
15550.0,3,4,575.63,1
15551.0,36,1,436.06,1
15552.0,216,1,90.12,0
15553.0,59,1,437.23,1
15554.0,277,1,217.2,0
15555.0,11,16,4805.17,3
15556.0,23,1,279.77,1
15557.0,28,1,473.65000000000003,1
15561.0,11,4,800.59,1
15562.0,351,1,134.55,0
15563.0,21,4,1400.44,1
15565.0,49,2,173.16,1
15567.0,18,1,186.01,1
15568.0,2,3,758.29,1
15569.0,103,5,1375.71,1
15570.0,6,12,4165.52,3
15571.0,11,4,650.4300000000001,1
15572.0,4,7,2552.86,1
15573.0,31,2,607.45,1
15574.0,177,4,702.25,0
15576.0,37,1,940.6700000000001,1
15577.0,150,3,258.88,0
15578.0,161,1,127.1,0
15579.0,68,2,348.6,1
15581.0,120,13,3679.9700000000003,3
15582.0,24,3,682.9100000000001,1
15584.0,23,4,725.11,1
15585.0,176,1,455.3,0
15587.0,49,4,913.6800000000001,1
15589.0,255,3,478.53000000000003,0
15592.0,46,1,388.58,1
15593.0,70,1,199.8,1
15594.0,15,5,1771.78,1
15596.0,100,5,1406.59,1
15597.0,34,1,324.57,1
15598.0,52,1,240.68,1
15599.0,26,2,761.74,1
15601.0,10,14,6776.56,3
15602.0,7,9,1297.8700000000001,1
15603.0,78,1,48.480000000000004,1
15604.0,51,1,216.39,1
15605.0,35,5,1198.23,1
15606.0,60,9,2920.16,1
15607.0,336,1,104.76,0
15608.0,27,4,1093.68,1
15609.0,183,1,298.48,0
15610.0,51,1,112.46000000000001,1
15611.0,9,13,1591.45,3
15612.0,35,2,195.15,1
15615.0,9,23,10399.74,3
15618.0,32,4,776.851,1
15619.0,10,1,336.40000000000003,1
15620.0,56,3,1553.18,1
15621.0,3,4,1293.03,1
15622.0,42,9,3709.56,1
15623.0,140,1,301.03,1
15624.0,116,4,588.13,1
15625.0,103,4,1534.26,1
15626.0,74,2,675.8,1
15628.0,4,9,2870.2400000000002,1
15630.0,44,2,1186.35,1
15632.0,15,8,3285.31,1
15634.0,16,1,243.55,1
15636.0,89,2,724.76,1
15637.0,52,1,223.36,1
15639.0,133,1,425.32,1
15640.0,3,15,12515.66,3
15641.0,104,4,1887.2,1
15643.0,191,3,664.0,0
15644.0,165,4,813.0,0
15645.0,18,1,612.01,1
15646.0,157,3,447.64000000000004,0
15648.0,203,2,657.35,0
15649.0,335,2,816.0,0
15651.0,36,3,646.3,1
15652.0,90,1,337.74,1
15653.0,92,2,877.4399999999999,1
15654.0,8,2,922.53,1
15655.0,242,1,560.67,0
15656.0,44,4,748.5,1
15657.0,22,1,30.0,1
15658.0,189,5,1024.1000000000001,0
15659.0,43,1,306.45,1
15660.0,24,9,1600.86,1
15661.0,316,2,309.8,0
15663.0,105,1,138.14,1
15664.0,50,1,386.43,1
15665.0,167,2,2242.01,0
15667.0,39,1,301.32,1
15668.0,217,1,76.32000000000001,0
15669.0,39,4,684.34,1
15670.0,296,1,173.05,0
15671.0,18,7,2657.13,1
15673.0,87,4,2881.02,1
15674.0,72,5,2446.6,1
15675.0,80,3,323.69,1
15676.0,18,3,3435.76,1
15677.0,48,1,657.23,1
15678.0,52,1,352.7,1
15679.0,23,4,781.28,1
15680.0,8,3,1333.68,1
15681.0,24,5,1426.16,1
15683.0,116,1,193.75,1
15687.0,8,9,2993.1,1
15689.0,119,2,254.1,1
15690.0,3,2,239.76,1
15691.0,251,1,136.8,0
15692.0,27,1,191.04,1
15694.0,0,14,6479.4,3
15695.0,266,2,409.98,0
15696.0,32,8,2736.46,1
15699.0,17,1,309.65,1
15700.0,171,2,696.68,0
15701.0,1,4,1542.14,1
15703.0,264,1,211.5,0
15704.0,139,4,2293.62,1
15705.0,200,1,143.1,0
15706.0,63,4,1060.56,1
15707.0,34,4,945.58,1
15708.0,40,7,3364.2400000000002,1
15709.0,283,1,133.25,0
15712.0,8,5,1072.3600000000001,1
15713.0,142,2,356.7,1
15714.0,11,2,330.88,1
15716.0,145,4,1118.81,1
15717.0,233,1,150.3,0
15719.0,32,13,5045.61,3
15720.0,23,1,598.73,1
15721.0,11,1,507.08,1
15722.0,35,5,2222.56,1
15723.0,364,1,203.1,0
15724.0,200,2,218.25,0
15725.0,14,1,415.25,1
15727.0,16,7,5178.96,1
15729.0,212,1,85.0,0
15730.0,65,3,1120.88,1
15732.0,211,2,294.12,0
15733.0,282,1,162.3,0
15734.0,114,2,1339.45,1
15737.0,14,8,1205.1200000000001,1
15738.0,18,16,4812.42,3
15739.0,65,1,449.12,1
15740.0,48,1,154.88,1
15743.0,15,4,784.46,1
15744.0,77,1,34.8,1
15745.0,18,4,1094.59,1
15746.0,133,1,196.88,1
15747.0,12,3,974.04,1
15748.0,39,1,149.31,1
15749.0,234,3,44534.3,3
15750.0,2,8,2465.48,1
15752.0,39,7,2637.38,1
15753.0,304,1,79.2,0
15754.0,50,3,458.57,1
15755.0,9,6,2364.25,1
15756.0,60,4,532.96,1
15757.0,65,2,714.42,1
15758.0,24,1,205.25,1
15759.0,217,3,253.04,0
15762.0,64,2,583.75,1
15763.0,31,2,1086.92,1
15764.0,87,6,3279.97,1
15766.0,63,1,315.06,1
15768.0,115,3,621.8299999999999,1
15769.0,6,26,56252.72,2
15773.0,5,1,635.6800000000001,1
15774.0,68,1,270.8,1
15775.0,244,1,104.9,0
15776.0,132,1,241.62,1
15777.0,240,4,1047.11,0
15780.0,183,3,475.28000000000003,0
15781.0,24,3,345.46,1
15782.0,9,3,2614.7400000000002,1
15783.0,10,1,246.3,1
15785.0,32,5,2328.9700000000003,1
15786.0,45,3,4932.2,1
15787.0,25,3,948.05,1
15789.0,357,1,351.3,0
15790.0,9,1,220.85,1
15791.0,43,2,1612.69,1
15793.0,14,3,965.61,1
15795.0,149,1,610.01,0
15796.0,0,8,2711.56,1
15797.0,112,4,2207.4,1
15799.0,75,3,884.14,1
15800.0,106,2,699.08,1
15801.0,45,3,1063.95,1
15802.0,142,1,451.42,1
15803.0,50,1,415.82000000000005,1
15804.0,0,13,4206.39,3
15805.0,22,17,5528.4800000000005,3
15806.0,45,3,784.58,1
15807.0,49,3,903.9,1
15808.0,305,4,3734.9700000000003,0
15809.0,35,5,515.77,1
15810.0,78,4,1391.98,1
15811.0,21,6,2218.62,1
15812.0,106,5,1801.14,1
15813.0,207,2,1303.9099999999999,0
15814.0,16,4,1945.33,1
15815.0,63,5,2100.6,1
15819.0,48,4,1905.45,1
15820.0,319,1,206.98,0
15821.0,43,2,570.96,1
15822.0,2,2,885.47,1
15823.0,371,1,15.0,0
15825.0,171,1,532.94,0
15826.0,55,3,1654.31,1
15827.0,72,14,1836.0900000000001,3
15829.0,98,2,636.14,1
15830.0,37,1,576.0,1
15831.0,57,3,801.76,1
15832.0,253,1,836.79,0
15834.0,69,4,2233.75,1
15835.0,43,4,954.09,1
15836.0,49,1,137.37,1
15837.0,64,1,391.98,1
15838.0,10,19,33643.08,3
15839.0,32,3,1048.49,1
15840.0,58,2,355.56,1
15841.0,72,4,1224.06,1
15843.0,303,1,118.95000000000002,0
15844.0,45,1,130.73999999999998,1
15845.0,17,8,3711.77,1
15847.0,37,2,389.27,1
15850.0,18,2,238.85,1
15852.0,186,2,160.71,0
15853.0,51,1,110.8,1
15854.0,3,12,2974.65,3
15855.0,136,5,712.24,1
15856.0,3,27,16387.57,3
15857.0,18,1,297.0,1
15858.0,15,5,1438.85,1
15860.0,40,8,977.21,1
15861.0,11,8,3165.36,1
15862.0,7,4,832.88,1
15863.0,25,2,68.84,1
15864.0,21,6,1936.3200000000002,1
15865.0,40,3,895.13,1
15866.0,100,1,230.53,1
15867.0,4,15,3812.64,3
15869.0,276,2,149.64,0
15870.0,32,1,354.09000000000003,1
15872.0,14,2,360.93,1
15874.0,63,7,4405.88,1
15877.0,1,2,493.28,1
15880.0,368,1,343.28000000000003,0
15881.0,311,5,501.39000000000004,0
15882.0,198,4,516.36,0
15883.0,1,2,396.48,1
15885.0,92,3,379.35,1
15886.0,59,1,181.09,1
15888.0,80,1,168.31,1
15889.0,156,2,446.87,0
15891.0,226,1,524.52,0
15894.0,252,2,263.55,0
15895.0,149,1,179.17,0
15897.0,193,2,222.05,0
15898.0,0,5,1388.88,1
15899.0,368,1,56.25,0
15900.0,23,1,351.11,1
15901.0,16,3,363.88,1
15903.0,9,7,5126.76,1
15904.0,7,1,164.68,1
15906.0,19,7,1567.69,1
15907.0,3,3,967.45,1
15909.0,173,1,191.94,0
15910.0,0,8,1232.18,1
15912.0,177,2,264.62,0
15916.0,15,8,1528.09,1
15917.0,247,1,123.1,0
15918.0,190,2,334.23,0
15919.0,19,2,639.89,1
15920.0,153,4,167.5,0
15921.0,172,1,336.03000000000003,0
15922.0,372,1,369.5,0
15923.0,372,1,127.08,0
15925.0,193,1,207.15,0
15930.0,66,1,426.63,1
15932.0,3,8,2495.87,1
15933.0,20,3,1107.46,1
15935.0,238,2,416.86,0
15937.0,63,1,145.35,1
15938.0,111,5,404.58,1
15939.0,89,15,6115.01,3
15940.0,310,1,35.8,0
15942.0,133,1,337.44,1
15944.0,276,1,325.1,0
15945.0,364,1,181.0,0
15947.0,82,1,1708.24,1
15948.0,7,2,955.24,1
15949.0,16,2,364.72,1
15950.0,31,4,1765.51,1
15951.0,8,2,708.22,1
15952.0,33,4,806.57,1
15953.0,14,8,1659.3799999999999,1
15955.0,23,14,4416.26,3
15957.0,31,1,428.89,1
15958.0,73,1,104.35,1
15963.0,19,2,470.76,1
15965.0,16,4,845.64,1
15967.0,22,2,418.83,1
15969.0,2,3,666.1,1
15970.0,303,1,314.1,0
15971.0,16,12,4199.85,3
15973.0,366,1,307.82000000000005,0
15974.0,38,7,3442.15,1
15975.0,83,1,371.01,1
15976.0,164,2,430.94,0
15977.0,16,2,1054.73,1
15978.0,76,1,1098.78,1
15980.0,88,3,2398.86,1
15981.0,24,8,3408.48,1
15983.0,21,4,1475.02,1
15984.0,2,10,2837.67,1
15985.0,122,2,1142.42,1
15986.0,29,1,168.12,1
15987.0,11,7,1451.28,1
15988.0,18,1,158.03,1
15990.0,43,2,792.11,1
15992.0,3,1,41.989999999999995,1
15993.0,8,7,2797.57,1
15994.0,54,1,427.07,1
15996.0,87,6,1060.68,1
15998.0,36,5,3089.97,1
16000.0,2,3,12393.7,1
16003.0,29,5,2735.37,1
16005.0,11,4,615.39,1
16006.0,210,1,101.4,0
16007.0,47,4,1701.94,1
16008.0,23,3,478.78,1
16009.0,21,4,992.71,1
16010.0,245,3,407.5,0
16011.0,7,16,3362.71,3
16012.0,34,3,1415.29,1
16013.0,3,47,37130.6,2
16014.0,37,3,662.38,1
16015.0,3,3,705.39,1
16016.0,2,8,1508.76,1
16017.0,46,1,211.88,1
16018.0,38,2,408.90000000000003,1
16019.0,46,9,3786.2400000000002,1
16020.0,16,3,851.01,1
16022.0,259,1,628.28,0
16023.0,45,3,719.81,1
16024.0,11,1,251.24,1
16025.0,29,1,439.65999999999997,1
16026.0,42,1,236.09,1
16027.0,91,6,934.62,1
16029.0,38,63,81024.84,2
16030.0,309,1,331.24,0
16031.0,91,2,548.94,1
16033.0,5,20,8816.4,3
16034.0,195,3,437.7,0
16036.0,86,2,758.92,1
16037.0,269,3,855.02,0
16038.0,7,3,471.78000000000003,1
16040.0,64,3,1313.55,1
16041.0,30,3,3166.4,1
16042.0,21,5,1197.27,1
16043.0,36,4,773.99,1
16045.0,119,4,1340.7,1
16048.0,372,2,256.44,0
16049.0,39,3,1111.79,1
16050.0,173,1,137.9,0
16052.0,53,1,362.06,1
16053.0,32,2,1511.95,1
16054.0,144,1,783.9,0
16055.0,220,1,134.8,0
16056.0,44,1,664.85,1
16057.0,15,7,2263.12,1
16059.0,65,6,1459.8600000000001,1
16062.0,9,4,1153.62,1
16063.0,259,1,335.32,0
16065.0,364,1,372.09,0
16066.0,16,5,1521.87,1
16070.0,21,2,852.15,1
16071.0,44,1,326.24,1
16072.0,287,1,584.3199999999999,0
16073.0,296,1,122.39999999999999,0
16076.0,2,10,2234.73,1
16078.0,283,1,79.2,0
16079.0,16,3,1352.0,1
16080.0,81,2,217.16,1
16081.0,55,5,2806.9,1
16083.0,100,2,1317.62,1
16084.0,298,1,436.18,0
16085.0,22,5,981.51,1
16086.0,58,5,1121.39,1
16091.0,154,2,315.06,0
16092.0,114,3,817.86,1
16093.0,106,1,17.0,1
16094.0,11,4,1078.23,1
16096.0,263,1,320.62,0
16097.0,239,1,185.04999999999998,0
16098.0,87,7,2005.63,1
16099.0,49,3,731.9,1
16101.0,70,1,1290.7,1
16102.0,41,3,1842.14,1
16103.0,6,6,1429.64,1
16104.0,61,1,302.36,1
16105.0,248,1,336.96,0
16106.0,65,1,108.38,1
16107.0,17,7,3204.1600000000003,1
16108.0,84,1,842.5,1
16109.0,218,2,611.88,0
16110.0,44,3,1337.48,1
16112.0,142,4,195.73999999999998,1
16113.0,182,1,161.38,0
16114.0,170,1,135.75000000000003,0
16115.0,9,8,1667.97,1
16116.0,211,1,612.78,0
16117.0,189,1,232.21,0
16119.0,7,2,423.36,1
16120.0,58,4,1309.14,1
16121.0,56,2,867.11,1
16122.0,72,4,684.4200000000001,1
16123.0,51,1,307.78,1
16124.0,316,1,249.0,0
16125.0,366,1,289.35,0
16126.0,28,4,6287.77,1
16127.0,38,1,656.25,1
16128.0,17,5,1880.22,1
16131.0,51,6,3506.54,1
16133.0,3,33,14589.04,3
16134.0,21,2,618.09,1
16135.0,262,1,517.55,0
16136.0,59,3,709.38,1
16139.0,18,3,635.41,1
16140.0,65,2,725.18,1
16141.0,87,1,620.4,1
16142.0,249,1,535.34,0
16143.0,2,6,2424.94,1
16144.0,246,1,175.2,0
16145.0,8,11,3799.4900000000002,3
16146.0,156,3,734.13,0
16147.0,133,1,375.0,1
16148.0,295,1,76.32000000000001,0
16149.0,4,2,280.52,1
16150.0,42,5,2053.02,1
16152.0,268,1,1829.04,0
16153.0,49,5,1824.23,1
16156.0,8,9,3122.04,1
16157.0,15,3,656.69,1
16159.0,281,1,348.2,0
16160.0,64,2,1025.44,1
16161.0,1,19,5575.56,3
16162.0,251,1,37.4,0
16163.0,231,2,856.6,0
16164.0,16,3,822.48,1
16168.0,10,27,3787.6,3
16169.0,7,4,1822.97,1
16170.0,50,6,1885.05,1
16171.0,58,1,73.2,1
16172.0,94,5,1140.21,1
16173.0,15,6,1418.32,1
16174.0,125,3,1009.5500000000001,1
16175.0,93,4,1037.59,1
16177.0,49,1,331.95,1
16178.0,137,1,197.9,1
16179.0,60,1,215.83,1
16180.0,99,8,10254.18,1
16181.0,72,1,305.54,1
16182.0,71,4,6617.65,1
16183.0,66,1,338.71000000000004,1
16184.0,63,6,1158.79,1
16185.0,16,2,529.41,1
16186.0,22,12,4006.94,3
16187.0,31,15,6911.4400000000005,3
16188.0,44,4,981.86,1
16189.0,15,2,215.48,1
16190.0,39,1,215.08,1
16191.0,2,13,5180.52,3
16193.0,236,1,314.45,0
16198.0,74,1,400.68100000000004,1
16200.0,3,2,1080.6200000000001,1
16201.0,2,4,1863.47,1
16202.0,360,1,365.27,0
16203.0,58,4,592.9,1
16204.0,22,1,405.71,1
16205.0,30,4,761.38,1
16206.0,54,4,537.0600000000001,1
16207.0,24,1,394.38,1
16208.0,44,2,664.26,1
16209.0,88,5,2262.62,1
16210.0,1,18,21086.3,3
16211.0,88,1,547.02,1
16212.0,18,2,690.34,1
16213.0,78,1,159.0,1
16214.0,170,3,1062.75,0
16215.0,80,1,242.35,1
16216.0,266,1,914.9300000000001,0
16217.0,234,2,304.25,0
16218.0,29,7,3084.68,1
16221.0,36,3,864.86,1
16222.0,317,1,846.72,0
16224.0,56,4,1295.3,1
16225.0,44,5,1096.32,1
16226.0,202,3,255.12,0
16227.0,224,1,314.22,0
16229.0,86,2,1010.6,1
16230.0,189,2,542.03,0
16232.0,43,4,990.88,1
16233.0,70,3,536.6800000000001,1
16235.0,40,5,867.31,1
16236.0,77,1,432.2,1
16239.0,56,2,414.2,1
16240.0,23,2,3718.8,1
16241.0,9,13,2607.87,3
16242.0,7,7,3603.21,1
16243.0,33,2,409.1,1
16244.0,211,2,1522.75,0
16245.0,23,3,1413.66,1
16247.0,169,1,114.56,0
16248.0,61,1,152.94,1
16249.0,52,5,1800.07,1
16250.0,260,2,389.44,0
16253.0,66,2,3683.86,1
16255.0,16,8,2619.91,1
16256.0,266,1,752.4300000000001,0
16257.0,176,1,46.95,0
16258.0,44,5,5203.51,1
16260.0,50,1,1035.45,1
16261.0,16,4,746.83,1
16265.0,8,9,5447.0,1
16266.0,73,7,861.89,1
16268.0,70,2,667.65,1
16270.0,352,1,1141.24,0
16271.0,2,5,1429.24,1
16272.0,116,1,411.7,1
16274.0,372,1,357.95,0
16275.0,196,1,559.87,0
16276.0,176,1,810.6000000000001,0
16278.0,99,1,566.38,1
16279.0,20,3,1509.58,1
16281.0,71,1,2062.06,1
16282.0,339,1,168.3,0
16283.0,5,5,1570.81,1
16284.0,30,2,823.97,1
16287.0,169,1,142.5,0
16292.0,121,1,302.25,1
16293.0,21,10,2248.9900000000002,1
16295.0,9,4,1328.55,1
16297.0,268,1,301.9,0
16298.0,22,3,598.2,1
16302.0,126,1,233.22,1
16303.0,25,3,5360.63,1
16305.0,138,1,361.21999999999997,1
16306.0,213,6,632.27,0
16308.0,37,4,2560.0,1
16309.0,105,2,706.57,1
16311.0,17,2,616.26,1
16313.0,2,2,274.15000000000003,1
16315.0,330,1,226.37,0
16316.0,63,8,2938.91,1
16317.0,119,3,1341.65,1
16318.0,34,1,328.15,1
16319.0,217,1,404.40000000000003,0
16322.0,0,2,326.75,1
16323.0,195,1,207.50000000000003,0
16324.0,127,3,428.68,1
16325.0,46,3,594.24,1
16326.0,5,14,3110.96,3
16327.0,13,6,3844.22,1
16330.0,17,3,251.91,1
16332.0,27,7,1593.2,1
16333.0,7,22,26626.8,3
16337.0,36,1,151.05,1
16338.0,156,1,214.79999999999998,0
16339.0,283,1,109.95,0
16340.0,106,1,549.07,1
16341.0,24,4,1971.87,1
16342.0,74,4,322.41,1
16343.0,15,2,370.47999999999996,1
16344.0,157,1,101.10000000000001,0
16345.0,43,1,575.41,1
16347.0,10,2,887.65,1
16348.0,31,7,1469.45,1
16349.0,290,1,53.5,0
16350.0,20,4,1116.47,1
16351.0,332,1,153.9,0
16352.0,17,2,494.44,1
16353.0,3,23,6675.71,3
16354.0,62,2,395.8,1
16356.0,197,3,211.77,0
16357.0,32,3,658.88,1
16358.0,0,4,2027.5,1
16359.0,6,9,1750.92,1
16360.0,4,6,3512.53,1
16361.0,9,4,896.66,1
16362.0,31,5,734.77,1
16363.0,52,1,109.36000000000001,1
16364.0,11,2,707.04,1
16365.0,17,9,1540.42,1
16366.0,18,1,327.3,1
16367.0,36,2,804.49,1
16368.0,1,2,497.43,1
16369.0,17,3,1553.66,1
16370.0,81,4,1320.56,1
16372.0,32,2,367.93,1
16374.0,65,2,473.03000000000003,1
16376.0,8,2,987.01,1
16377.0,266,1,676.2,0
16378.0,246,3,362.95,0
16379.0,3,4,2157.4,1
16380.0,60,1,1780.59,1
16383.0,74,2,668.36,1
16384.0,89,2,584.5,1
16385.0,59,3,555.89,1
16386.0,28,2,317.2,1
16387.0,322,1,94.36,0
16389.0,52,4,1382.07,1
16392.0,269,1,221.19,0
16393.0,1,13,3046.21,3
16394.0,56,5,1555.34,1
16395.0,59,5,1486.9,1
16398.0,153,2,1705.8,0
16399.0,18,2,408.57,1
16400.0,94,1,303.93,1
16401.0,0,12,4098.32,3
16402.0,264,2,299.6,0
16403.0,311,1,177.5,0
16404.0,69,1,443.05,1
16405.0,301,2,167.25,0
16406.0,18,1,163.07,1
16407.0,12,10,2126.93,1
16409.0,35,5,2028.88,1
16411.0,18,2,214.65,1
16412.0,53,1,151.83,1
16413.0,56,1,262.2,1
16414.0,21,2,126.25,1
16415.0,43,1,210.35,1
16416.0,25,3,1051.4,1
16418.0,44,3,675.27,1
16419.0,112,6,972.23,1
16422.0,16,51,34684.4,2
16423.0,24,1,346.12,1
16424.0,190,1,133.56,0
16425.0,301,1,302.7,0
16426.0,1,10,1908.25,1
16427.0,262,2,241.06,0
16429.0,105,1,284.55,1
16430.0,56,1,300.85,1
16431.0,212,3,642.81,0
16432.0,63,1,287.4,1
16433.0,27,1,184.26,1
16434.0,28,7,1522.25,1
16438.0,5,5,798.35,1
16440.0,7,5,3640.67,1
16441.0,66,2,381.2,1
16442.0,1,3,616.79,1
16444.0,45,4,654.67,1
16445.0,33,1,230.51,1
16446.0,0,2,168472.5,2
16447.0,135,1,259.01,1
16448.0,197,1,188.89000000000001,0
16449.0,197,2,707.69,0
16450.0,149,1,311.92,0
16451.0,87,1,266.97,1
16454.0,44,2,6.9,1
16455.0,63,7,1841.18,1
16456.0,98,5,2158.37,1
16457.0,217,1,208.36,0
16458.0,2,18,3482.7400000000002,3
16460.0,27,3,814.72,1
16461.0,177,1,151.42,0
16462.0,73,3,136.0,1
16463.0,20,4,1422.4,1
16464.0,19,3,1314.68,1
16466.0,33,7,1603.46,1
16468.0,73,1,74.9,1
16469.0,23,4,650.43,1
16470.0,51,4,762.39,1
16471.0,274,1,223.95000000000002,0
16473.0,164,3,316.11,0
16474.0,6,7,1871.5,1
16475.0,87,4,544.3,1
16477.0,63,7,2494.46,1
16478.0,24,3,331.0,1
16479.0,9,2,300.83,1
16480.0,75,1,769.29,1
16482.0,15,1,220.62,1
16483.0,191,1,139.35,0
16484.0,173,2,404.3,0
16485.0,76,1,363.65,1
16488.0,32,3,498.8,1
16491.0,46,1,731.5,1
16493.0,79,4,1351.63,1
16494.0,296,1,826.53,0
16495.0,2,3,684.41,1
16496.0,8,3,1599.52,1
16497.0,49,6,2965.69,1
16498.0,160,2,100.97,0
16499.0,359,2,365.45,0
16500.0,4,6,400.86,1
16503.0,106,4,1431.93,1
16504.0,24,1,484.38,1
16505.0,31,1,777.6,1
16506.0,19,2,90.30000000000001,1
16509.0,296,1,363.7,0
16510.0,371,1,248.1,0
16511.0,21,3,950.26,1
16513.0,4,4,874.59,1
16515.0,51,5,1627.13,1
16516.0,29,1,101.69999999999999,1
16517.0,276,1,162.7,0
16518.0,60,2,484.32,1
16519.0,24,2,215.07999999999998,1
16520.0,185,3,1046.57,0
16523.0,1,21,9418.470000000001,3
16525.0,1,26,13027.45,3
16526.0,171,1,290.36,0
16527.0,80,1,228.06,1
16528.0,3,1,244.41,1
16529.0,189,1,455.25,0
16531.0,21,7,1244.59,1
16532.0,17,3,6748.8,1
16533.0,18,3,1095.56,1
16535.0,4,1,593.75,1
16536.0,109,1,548.97,1
16539.0,2,4,1388.81,1
16542.0,53,1,119.62,1
16545.0,164,1,339.3,0
16546.0,290,2,787.15,0
16549.0,9,10,4154.64,1
16550.0,108,5,2298.97,1
16551.0,95,3,922.12,1
16552.0,242,2,379.73,0
16553.0,162,12,5719.82,3
16554.0,41,3,837.1,1
16555.0,34,2,285.89,1
16556.0,66,7,3313.79,1
16557.0,23,2,281.85,1
16558.0,0,20,8338.49,3
16560.0,26,2,841.41,1
16561.0,5,2,511.12,1
16563.0,53,1,1077.74,1
16565.0,363,1,173.7,0
16566.0,14,5,614.66,1
16567.0,193,2,865.6,0
16569.0,2,1,124.2,1
16570.0,14,10,3738.4,1
16571.0,26,3,1421.69,1
16572.0,126,3,1009.6,1
16573.0,84,2,663.61,1
16574.0,70,1,451.44,1
16581.0,182,1,105.84,0
16582.0,112,1,313.62,1
16583.0,373,1,233.45,0
16584.0,79,2,936.08,1
16586.0,248,1,463.95,0
16587.0,231,1,225.15,0
16589.0,70,3,459.24,1
16591.0,68,1,213.5,1
16592.0,3,16,4113.68,3
16593.0,50,3,330.03,1
16594.0,74,1,181.09,1
16595.0,60,1,360.16,1
16596.0,15,2,250.15,1
16597.0,3,1,90.04,1
16598.0,285,1,145.04999999999998,0
16600.0,3,6,813.52,1
16601.0,40,1,244.79999999999998,1
16602.0,35,1,528.08,1
16603.0,74,2,482.47,1
16607.0,17,14,3347.71,3
16609.0,14,7,5493.46,1
16610.0,218,1,75.66,0
16611.0,185,1,129.49,0
16612.0,32,4,1187.66,1
16613.0,69,1,618.59,1
16614.0,182,1,506.19,0
16616.0,14,2,500.42,1
16617.0,235,1,151.85,0
16618.0,30,5,2647.59,1
16619.0,263,1,226.21,0
16620.0,3,2,178.96,1
16621.0,51,4,813.48,1
16623.0,245,1,129.45,0
16624.0,80,2,810.5699999999999,1
16625.0,273,1,333.08,0
16626.0,0,17,4413.1,3
16627.0,78,1,322.8,1
16628.0,29,5,2188.05,1
16629.0,73,2,417.73,1
16633.0,16,6,2883.1,1
16634.0,222,2,217.9,0
16637.0,31,4,1154.47,1
16638.0,22,10,1680.72,1
16639.0,30,3,1257.51,1
16641.0,105,1,231.10000000000002,1
16642.0,4,2,688.33,1
16643.0,245,1,487.51,0
16644.0,177,2,833.78,0
16647.0,169,2,214.06,0
16648.0,42,1,290.65999999999997,1
16650.0,71,1,518.42,1
16652.0,58,7,6773.97,1
16653.0,15,2,1212.66,1
16654.0,140,4,601.27,1
16655.0,17,6,3794.52,1
16656.0,21,15,8625.8,3
16657.0,9,4,933.62,1
16658.0,367,1,123.24,0
16659.0,188,1,39.12,0
16660.0,15,4,1267.6499999999999,1
16665.0,361,1,135.39999999999998,0
16666.0,18,1,118.98,1
16667.0,67,2,570.13,1
16668.0,14,6,306.71999999999997,1
16669.0,23,3,1374.8700000000001,1
16670.0,16,11,4095.9,3
16671.0,27,3,1692.27,1
16672.0,1,20,8134.9400000000005,3
16674.0,54,2,319.61,1
16676.0,33,4,1592.1200000000001,1
16678.0,2,12,3109.99,3
16679.0,365,1,129.75,0
16680.0,42,1,183.7,1
16681.0,72,6,1770.34,1
16682.0,4,5,1028.0,1
16684.0,3,28,66653.56,2
16685.0,60,2,324.24,1
16686.0,46,7,3062.83,1
16688.0,0,4,1260.86,1
16689.0,75,2,422.59999999999997,1
16690.0,71,2,225.57999999999998,1
16692.0,255,2,1276.0,0
16693.0,68,2,482.01,1
16696.0,134,4,657.9000000000001,1
16697.0,240,1,112.75,0
16698.0,226,2,1998.0,0
16700.0,8,13,5076.55,3
16701.0,8,13,5398.3,3
16705.0,0,20,14034.99,3
16706.0,36,3,531.35,1
16708.0,45,1,656.63,1
16709.0,84,5,3029.87,1
16710.0,18,10,2483.04,1
16711.0,2,5,1651.03,1
16712.0,8,11,3645.43,3
16713.0,18,15,6923.13,3
16714.0,218,3,1161.53,0
16715.0,77,1,301.71999999999997,1
16716.0,266,2,901.2,0
16717.0,23,6,3858.38,1
16718.0,368,1,623.75,0
16719.0,14,7,1790.42,1
16720.0,25,1,155.24,1
16721.0,261,1,292.47,0
16722.0,16,13,4730.81,3
16723.0,90,2,589.15,1
16725.0,301,7,781.02,0
16726.0,25,5,1382.02,1
16727.0,363,1,272.82,0
16728.0,45,4,1054.67,1
16729.0,37,21,7239.92,3
16730.0,51,3,743.11,1
16732.0,31,1,603.75,1
16734.0,51,3,650.51,1
16735.0,78,5,2300.56,1
16737.0,52,1,417.59999999999997,1
16738.0,297,1,3.75,0
16739.0,176,1,323.0,0
16742.0,46,1,464.9,1
16743.0,28,7,2238.09,1
16744.0,10,7,1304.76,1
16745.0,86,17,7194.3,3
16746.0,4,18,6697.66,3
16747.0,37,2,836.06,1
16748.0,17,5,1515.9,1
16750.0,44,5,623.93,1
16751.0,30,1,1764.72,1
16752.0,372,1,207.5,0
16753.0,57,1,223.92000000000002,1
16754.0,371,1,2002.4,0
16755.0,113,3,1496.83,1
16756.0,214,1,239.4,0
16757.0,318,1,106.83000000000001,0
16758.0,64,1,369.34000000000003,1
16759.0,7,3,789.79,1
16761.0,96,1,316.62,1
16762.0,19,3,1501.38,1
16763.0,198,1,611.85,0
16764.0,3,13,2799.25,3
16765.0,293,1,34.0,0
16766.0,272,2,1145.6,0
16767.0,30,11,5580.6,3
16768.0,47,3,478.09000000000003,1
16769.0,259,1,380.39,0
16770.0,57,5,770.1,1
16771.0,32,5,2246.81,1
16773.0,56,1,171.59,1
16774.0,67,4,661.52,1
16775.0,9,11,1695.66,1
16776.0,59,1,388.28,1
16777.0,79,2,226.35,1
16778.0,73,2,245.94,1
16779.0,1,22,10629.720000000001,3
16780.0,99,2,425.19,1
16781.0,371,1,311.25,0
16782.0,9,13,2279.9,3
16784.0,19,1,107.6,1
16788.0,122,2,597.48,1
16789.0,7,1,80.8,1
16790.0,3,6,1545.6200000000001,1
16791.0,28,7,1721.78,1
16792.0,281,2,110.38000000000001,0
16793.0,56,1,243.84,1
16794.0,0,10,1222.71,1
16795.0,364,1,414.88,0
16796.0,88,1,305.62,1
16800.0,10,1,1201.49,1
16801.0,162,4,1619.73,0
16803.0,64,1,332.3,1
16804.0,22,3,536.99,1
16805.0,173,2,460.59,0
16806.0,102,4,801.49,1
16807.0,142,3,1121.59,1
16808.0,98,2,288.42,1
16809.0,22,5,914.69,1
16810.0,191,1,309.54,0
16811.0,4,2,547.07,1
16812.0,360,1,479.35,0
16813.0,7,10,1692.98,1
16814.0,13,21,6509.1,3
16816.0,102,4,417.06,1
16817.0,2,9,1604.75,1
16818.0,10,11,3349.57,3
16820.0,95,1,497.61,1
16823.0,226,1,358.38,0
16824.0,15,2,460.64,1
16825.0,38,2,775.1800000000001,1
16826.0,50,1,341.7,1
16828.0,92,2,128.5,1
16829.0,156,1,197.22,0
16830.0,38,1,325.91,1
16832.0,183,3,199.15,0
16833.0,0,4,1106.53,1
16834.0,227,1,413.46,0
16835.0,127,2,180.85,1
16836.0,39,2,251.87,1
16837.0,30,11,3170.98,3
16838.0,196,2,588.85,0
16839.0,8,34,16594.35,3
16841.0,36,6,1869.82,1
16842.0,100,3,1264.19,1
16843.0,42,16,10196.57,3
16846.0,49,1,214.32,1
16847.0,42,1,193.44,1
16848.0,52,1,281.42,1
16849.0,186,1,124.57,0
16850.0,333,1,332.41,0
16851.0,3,3,342.45,1
16852.0,9,2,144.91000000000003,1
16855.0,23,2,328.4,1
16856.0,14,1,35.400000000000006,1
16858.0,368,1,375.69000000000005,0
16859.0,144,2,747.81,1
16861.0,59,2,173.76,1
16863.0,30,2,502.8,1
16866.0,140,3,207.73999999999998,1
16869.0,22,4,825.42,1
16871.0,21,6,2812.34,1
16872.0,76,3,680.02,1
16873.0,4,6,7123.62,1
16875.0,66,5,2095.53,1
16877.0,11,6,853.72,1
16878.0,83,1,13.3,1
16880.0,30,7,1519.08,1
16881.0,66,1,432.0,1
16882.0,66,3,705.12,1
16883.0,186,2,276.73,0
16884.0,37,2,429.84000000000003,1
16885.0,14,3,471.51,1
16887.0,34,1,194.88,1
16889.0,194,3,1578.67,0
16891.0,1,5,809.7,1
16892.0,0,5,525.54,1
16893.0,366,1,145.93,0
16895.0,64,1,219.14,1
16897.0,298,2,289.78,0
16898.0,25,3,508.81,1
16899.0,7,6,1281.56,1
16900.0,16,3,887.11,1
16902.0,115,1,1706.88,1
16903.0,28,1,373.24,1
16904.0,3,16,3754.27,3
16905.0,4,7,3102.43,1
16906.0,81,4,579.77,1
16907.0,28,5,981.65,1
16909.0,71,1,379.14,1
16910.0,3,8,1510.06,1
16912.0,28,11,2575.38,1
16913.0,289,1,113.44,0
16914.0,35,1,208.46,1
16915.0,8,6,621.6800000000001,1
16916.0,23,2,576.26,1
16917.0,276,1,391.52,0
16918.0,48,6,1068.82,1
16919.0,155,11,2596.45,1
16921.0,60,1,169.79,1
16923.0,11,19,7247.61,3
16924.0,20,3,846.75,1
16926.0,370,1,230.25,0
16927.0,115,3,543.05,1
16928.0,79,17,2847.6,3
16929.0,3,7,1295.39,1
16930.0,25,3,380.55,1
16931.0,4,21,4604.22,3
16932.0,52,1,161.94,1
16933.0,0,2,563.23,1
16934.0,54,2,950.9300000000001,1
16936.0,25,1,262.68,1
16938.0,8,4,2736.38,1
16940.0,51,3,3049.88,1
16942.0,12,9,1920.59,1
16943.0,211,3,816.73,0
16945.0,21,19,4345.5,3
16947.0,235,1,406.48,0
16948.0,138,3,435.02,1
16949.0,3,6,1286.27,1
16950.0,56,3,1178.56,1
16951.0,134,3,1277.75,1
16952.0,108,2,167.61,1
16953.0,29,1,20.8,1
16954.0,0,9,2085.08,1
16955.0,184,4,518.67,0
16956.0,17,1,308.74,1
16957.0,238,2,416.64,0
16959.0,86,1,117.35000000000001,1
16960.0,38,3,507.05,1
16961.0,115,1,234.17,1
16963.0,186,1,110.55000000000001,0
16965.0,226,1,201.19,0
16966.0,7,7,2154.97,1
16967.0,188,1,319.02,0
16968.0,3,2,439.43,1
16969.0,38,3,650.41,1
16971.0,37,1,357.21,1
16976.0,266,1,251.51999999999998,0
16978.0,76,1,344.33,1
16979.0,3,6,1852.0,1
16980.0,254,2,1078.96,0
16982.0,60,1,384.06,1
16983.0,12,7,1931.25,1
16984.0,87,2,4481.35,1
16985.0,16,10,5464.12,3
16986.0,29,2,1873.2,1
16987.0,2,7,1625.05,1
16988.0,4,1,126.12,1
16989.0,6,6,1133.25,1
16990.0,218,1,179.0,0
16992.0,10,5,1614.31,1
16996.0,29,6,1456.96,1
16997.0,287,3,702.0,0
16998.0,149,4,295.0,0
16999.0,22,2,484.82,1
17001.0,0,11,3989.57,3
17002.0,85,3,1493.73,1
17004.0,45,2,1412.94,1
17006.0,4,4,781.78,1
17007.0,50,6,889.9300000000001,1
17010.0,17,1,195.36,1
17011.0,29,1,270.9,1
17014.0,7,3,586.33,1
17015.0,28,3,1842.56,1
17017.0,2,20,8694.26,3
17018.0,40,2,920.1,1
17019.0,10,4,1272.61,1
17022.0,30,1,71.0,1
17024.0,44,3,95.85,1
17025.0,60,3,357.77,1
17026.0,184,2,154.82999999999998,0
17027.0,78,6,890.29,1
17029.0,110,2,716.0,1
17030.0,63,1,146.87,1
17031.0,11,2,380.35,1
17033.0,85,3,1030.14,1
17034.0,15,3,745.52,1
17035.0,245,2,433.53000000000003,0
17037.0,87,1,1267.32,1
17038.0,29,1,112.4,1
17040.0,137,1,449.73,1
17041.0,26,3,1081.57,1
17042.0,2,5,1044.3799999999999,1
17043.0,31,4,1735.18,1
17044.0,24,1,948.48,1
17045.0,112,3,339.44,1
17046.0,156,1,642.02,0
17047.0,84,3,1100.9,1
17048.0,117,3,925.35,1
17049.0,2,9,5659.9800000000005,1
17050.0,95,6,3228.84,1
17051.0,193,1,247.14000000000001,0
17052.0,27,1,413.75,1
17053.0,130,1,498.48,1
17054.0,27,5,1356.33,1
17058.0,81,3,1179.89,1
17059.0,29,5,3095.04,1
17060.0,265,1,234.24,0
17061.0,73,11,5232.2300000000005,3
17062.0,313,4,538.37,0
17063.0,20,7,1461.14,1
17064.0,58,3,859.35,1
17068.0,11,21,4552.14,3
17069.0,27,9,2709.7000000000003,1
17070.0,113,1,312.14,1
17071.0,27,9,2429.03,1
17073.0,17,4,1446.09,1
17075.0,17,4,834.12,1
17076.0,35,3,841.0799999999999,1
17078.0,35,2,378.2,1
17079.0,77,1,118.80000000000001,1
17080.0,21,2,287.62,1
17081.0,24,2,290.16,1
17082.0,32,2,2003.85,1
17083.0,108,3,1405.78,1
17084.0,34,2,2949.75,1
17085.0,122,5,1566.65,1
17086.0,6,6,2050.08,1
17088.0,27,4,1991.01,1
17090.0,3,7,2043.95,1
17091.0,2,9,3827.76,1
17092.0,49,4,1777.78,1
17094.0,321,1,302.0,0
17095.0,22,3,1324.16,1
17096.0,14,4,1022.13,1
17100.0,17,2,971.74,1
17101.0,9,4,1621.73,1
17102.0,261,1,25.5,0
17105.0,158,2,665.78,0
17107.0,32,6,10815.43,1
17109.0,28,6,885.04,1
17110.0,164,1,163.29999999999998,0
17111.0,46,1,248.61,1
17114.0,5,8,808.62,1
17115.0,7,3,837.5,1
17117.0,287,1,116.19999999999999,0
17118.0,317,1,157.02,0
17119.0,2,2,606.91,1
17120.0,232,1,307.46,0
17122.0,118,1,138.32,1
17123.0,161,1,345.29999999999995,0
17124.0,184,1,298.89,0
17125.0,49,1,259.35,1
17126.0,151,5,1004.75,0
17128.0,334,1,157.09,0
17131.0,4,5,2463.17,1
17133.0,15,7,4892.240000000001,1
17134.0,106,2,425.0,1
17135.0,15,7,1139.73,1
17138.0,275,1,380.5,0
17139.0,15,12,10668.47,3
17140.0,246,1,465.32,0
17142.0,238,1,579.0,0
17144.0,0,2,984.57,1
17146.0,105,3,749.78,1
17147.0,22,4,1714.59,1
17148.0,51,1,124.88,1
17152.0,194,3,1689.5,0
17153.0,23,1,213.78,1
17154.0,74,1,329.34,1
17155.0,17,2,251.70000000000002,1
17157.0,7,2,319.0,1
17158.0,31,3,1266.97,1
17159.0,21,3,1538.88,1
17160.0,30,6,3518.03,1
17162.0,28,10,1715.46,1
17163.0,21,2,293.1,1
17164.0,32,7,2467.35,1
17165.0,283,1,158.68,0
17166.0,38,2,206.34,1
17169.0,57,2,835.78,1
17171.0,288,1,224.91,0
17172.0,78,1,317.76,1
17173.0,4,8,3766.6,1
17174.0,217,1,59.9,0
17175.0,43,4,1443.69,1
17176.0,201,1,306.13,0
17179.0,177,3,711.79,0
17180.0,55,4,796.03,1
17181.0,56,2,239.92000000000002,1
17183.0,7,6,3347.31,1
17186.0,46,2,144.0,1
17187.0,226,1,203.95,0
17188.0,10,7,2474.23,1
17189.0,105,2,384.40000000000003,1
17190.0,58,2,444.74,1
17191.0,27,7,2095.13,1
17193.0,35,7,1699.3000000000002,1
17194.0,273,2,262.62,0
17197.0,29,1,1013.01,1
17198.0,23,3,692.22,1
17201.0,53,1,342.63,1
17203.0,35,6,3563.85,1
17204.0,174,4,1564.56,0
17205.0,53,1,384.08,1
17206.0,52,1,204.24,1
17211.0,26,8,2317.2200000000003,1
17212.0,252,1,226.85,0
17213.0,39,7,2781.23,1
17214.0,59,6,1069.1200000000001,1
17217.0,233,1,113.5,0
17218.0,3,10,1960.72,1
17219.0,31,1,114.23,1
17220.0,23,14,3198.25,3
17221.0,6,2,335.13,1
17222.0,64,1,354.15,1
17223.0,309,2,426.79,0
17226.0,308,1,393.49,0
17227.0,18,6,939.32,1
17228.0,15,8,1906.09,1
17229.0,95,2,318.76,1
17230.0,263,8,3638.41,0
17231.0,11,10,3174.32,1
17232.0,2,2,421.52,1
17233.0,34,1,190.88,1
17234.0,182,1,149.89000000000001,0
17235.0,24,2,550.06,1
17236.0,12,6,916.13,1
17237.0,10,2,314.69,1
17238.0,2,17,3744.65,3
17239.0,312,1,382.5,0
17242.0,107,2,1135.04,1
17243.0,0,26,8676.85,3
17244.0,52,1,954.9,1
17245.0,204,1,171.45,0
17247.0,14,1,282.19,1
17248.0,119,1,318.65,1
17250.0,3,2,384.52,1
17251.0,362,1,283.28000000000003,0
17252.0,116,2,353.86,1
17253.0,17,1,178.26,1
17254.0,4,2,272.44,1
17255.0,40,2,298.41,1
17256.0,106,2,240.0,1
17259.0,147,2,603.37,0
17262.0,51,5,1253.3600000000001,1
17263.0,207,1,63.440000000000005,0
17265.0,138,2,562.9,1
17266.0,1,3,310.64,1
17267.0,126,2,317.62,1
17268.0,107,4,763.64,1
17272.0,41,4,2148.63,1
17274.0,34,1,111.97999999999999,1
17277.0,227,2,1065.3500000000001,0
17278.0,240,1,246.04,0
17279.0,57,1,187.82999999999998,1
17282.0,129,3,1703.41,1
17284.0,59,6,1652.58,1
17286.0,21,1,153.92,1
17287.0,25,7,1064.11,1
17288.0,8,7,1419.73,1
17289.0,31,3,944.41,1
17290.0,3,2,525.24,1
17291.0,307,1,550.8000000000001,0
17293.0,7,9,1875.1100000000001,1
17295.0,28,3,556.95,1
17297.0,16,1,131.78,1
17298.0,100,2,498.42,1
17299.0,11,4,669.11,1
17301.0,20,1,197.63,1
17302.0,14,5,1135.63,1
17303.0,360,1,250.04,0
17306.0,10,19,8631.31,3
17309.0,94,1,82.75,1
17311.0,77,2,1384.85,1
17312.0,138,3,644.3,1
17313.0,30,1,2328.84,1
17314.0,24,8,2527.92,1
17315.0,1,38,6292.26,3
17317.0,45,3,2600.34,1
17320.0,99,3,1200.6200000000001,1
17321.0,7,2,700.86,1
17323.0,14,7,921.07,1
17324.0,17,4,990.23,1
17325.0,279,1,96.8,0
17329.0,13,2,523.11,1
17330.0,22,2,363.9,1
17331.0,123,1,175.2,1
17333.0,85,1,494.25,1
17334.0,301,2,307.02,0
17337.0,150,4,2027.8700000000001,0
17338.0,16,8,6643.93,1
17339.0,93,2,243.36,1
17340.0,29,11,12353.29,3
17341.0,156,3,781.36,0
17343.0,354,1,193.64,0
17344.0,45,1,160.57,1
17345.0,14,4,537.74,1
17346.0,3,15,2676.56,3
17347.0,85,1,228.96,1
17348.0,14,5,1159.52,1
17349.0,178,1,110.75,0
17350.0,7,4,1286.07,1
17351.0,35,3,587.15,1
17353.0,128,2,1740.0,1
17354.0,50,1,1393.06,1
17356.0,311,1,178.22,0
17357.0,23,2,388.14,1
17358.0,302,2,365.85,0
17359.0,10,1,127.86,1
17360.0,16,3,585.79,1
17361.0,48,3,488.2,1
17362.0,238,2,312.23,0
17364.0,0,11,4481.18,3
17365.0,12,8,4801.56,1
17367.0,237,1,168.4,0
17368.0,22,8,1912.67,1
17370.0,72,4,446.18,1
17371.0,16,3,423.89,1
17372.0,40,8,1342.68,1
17373.0,39,4,646.92,1
17374.0,218,2,495.77,0
17375.0,198,3,400.1,0
17376.0,70,2,203.2,1
17377.0,23,20,4100.92,3
17379.0,10,1,404.66,1
17381.0,8,29,20275.61,3
17382.0,64,1,65.4,1
17383.0,3,1,199.29,1
17384.0,18,2,336.4,1
17385.0,14,1,261.11,1
17386.0,7,6,2686.42,1
17387.0,19,2,784.11,1
17388.0,77,4,1259.56,1
17389.0,0,34,31833.68,3
17391.0,163,2,508.8,0
17392.0,306,2,457.91,0
17394.0,218,1,203.86999999999998,0
17396.0,38,8,7330.8,1
17397.0,21,2,696.41,1
17398.0,114,3,653.38,1
17400.0,125,5,2129.96,1
17402.0,4,13,2633.85,3
17403.0,35,1,281.62,1
17405.0,0,3,1031.41,1
17406.0,332,3,2200.42,0
17408.0,162,1,32.65,0
17409.0,184,2,771.85,0
17410.0,15,5,1214.72,1
17411.0,11,3,778.94,1
17412.0,2,7,1258.06,1
17414.0,43,2,778.0,1
17415.0,78,1,507.84,1
17416.0,29,7,6893.42,1
17418.0,41,2,463.46000000000004,1
17419.0,10,12,4226.57,3
17420.0,49,3,598.83,1
17422.0,15,6,1979.37,1
17423.0,45,2,698.41,1
17425.0,18,2,759.17,1
17426.0,7,6,5037.26,1
17427.0,71,1,100.8,1
17428.0,0,28,17256.85,3
17429.0,127,3,524.9200000000001,1
17430.0,32,2,265.76,1
17431.0,312,1,403.3,0
17432.0,17,2,365.76,1
17433.0,87,1,303.15999999999997,1
17434.0,1,7,2373.82,1
17436.0,1,2,216.29999999999998,1
17438.0,253,1,388.45000000000005,0
17440.0,156,3,186.42000000000002,0
17442.0,36,6,2248.56,1
17446.0,176,2,120.9,0
17447.0,39,2,541.53,1
17449.0,1,7,2520.86,1
17450.0,7,46,194550.79,2
17451.0,0,7,1721.4,1
17453.0,17,2,486.71999999999997,1
17454.0,191,4,517.53,0
17455.0,203,1,131.7,0
17456.0,364,1,249.86,0
17457.0,126,5,1737.7,1
17458.0,14,1,316.5,1
17459.0,42,2,657.3,1
17460.0,93,6,622.4300000000001,1
17461.0,22,3,757.46,1
17462.0,59,2,675.69,1
17463.0,15,5,1896.41,1
17464.0,157,1,289.96000000000004,0
17466.0,9,2,763.28,1
17468.0,9,2,137.0,1
17469.0,15,5,1870.97,1
17470.0,44,5,1125.07,1
17472.0,190,3,710.29,0
17475.0,78,1,194.37,1
17480.0,77,1,511.82,1
17481.0,3,4,1255.59,1
17483.0,64,3,414.04,1
17486.0,260,1,396.87,0
17489.0,58,2,376.64,1
17490.0,0,7,2092.32,1
17491.0,0,10,3558.87,1
17492.0,247,1,374.57,0
17495.0,7,2,497.56,1
17496.0,358,1,271.05,0
17498.0,75,1,272.22,1
17499.0,289,1,622.88,0
17500.0,16,3,1138.0,1
17501.0,220,2,288.6,0
17502.0,8,4,689.1,1
17503.0,2,2,558.96,1
17504.0,205,9,2997.0299999999997,0
17505.0,160,2,1145.84,0
17506.0,75,1,302.2,1
17507.0,261,2,605.58,0
17509.0,57,8,6115.14,1
17510.0,24,1,308.48,1
17511.0,2,31,91062.38,2
17512.0,28,10,2924.9900000000002,1
17513.0,71,1,513.2,1
17514.0,127,1,208.65,1
17515.0,30,4,639.02,1
17516.0,14,5,768.08,1
17517.0,308,1,153.94,0
17519.0,16,6,1844.02,1
17520.0,53,1,546.81,1
17521.0,29,3,723.2099999999999,1
17522.0,1,5,1070.71,1
17523.0,10,4,652.74,1
17524.0,360,1,145.0,0
17525.0,359,1,422.70000000000005,0
17526.0,4,4,1195.8999999999999,1
17527.0,53,4,939.37,1
17528.0,0,8,3628.5,1
17530.0,0,10,2385.0,1
17531.0,189,1,296.7,0
17534.0,53,1,223.36,1
17535.0,279,1,164.4,0
17536.0,176,1,76.5,0
17537.0,29,2,897.62,1
17538.0,25,1,98.42,1
17540.0,24,2,578.9,1
17542.0,269,1,170.75,0
17545.0,42,3,645.96,1
17548.0,233,1,103.3,0
17549.0,23,2,148.86,1
17550.0,196,3,267.16,0
17551.0,358,1,306.84,0
17552.0,59,4,930.41,1
17553.0,129,1,1487.6,1
17554.0,0,5,1952.45,1
17555.0,19,2,483.26,1
17556.0,205,1,157.9,0
17557.0,13,3,541.46,1
17560.0,94,4,854.95,1
17561.0,18,1,167.62,1
17562.0,13,7,1122.38,1
17564.0,23,3,454.01,1
17566.0,7,2,901.21,1
17567.0,6,8,4331.48,1
17569.0,331,1,344.14,0
17571.0,49,4,1498.51,1
17572.0,70,4,226.75000000000003,1
17573.0,28,3,380.6,1
17574.0,242,1,185.65,0
17576.0,7,19,3622.68,3
17578.0,217,1,143.45999999999998,0
17579.0,4,3,448.90000000000003,1
17580.0,252,3,215.72,0
17581.0,0,25,11045.04,3
17582.0,235,1,175.27,0
17584.0,6,2,1242.3,1
17585.0,108,4,1133.07,1
17588.0,99,3,1240.2,1
17589.0,59,4,2404.17,1
17590.0,1,3,1479.22,1
17591.0,72,7,2225.9700000000003,1
17593.0,3,5,3927.34,1
17594.0,84,2,993.18,1
17595.0,11,2,388.79,1
17596.0,22,7,2827.93,1
17597.0,213,1,2044.3700000000001,0
17600.0,17,1,161.67000000000002,1
17601.0,238,1,116.00999999999999,0
17602.0,1,6,5102.97,1
17603.0,77,1,394.72,1
17604.0,216,2,309.36,0
17608.0,32,2,193.42,1
17609.0,40,5,1112.22,1
17611.0,6,15,3984.22,3
17612.0,52,6,2048.45,1
17613.0,22,14,4559.150000000001,3
17614.0,56,1,390.07,1
17615.0,129,3,329.6,1
17616.0,173,3,571.1999999999999,0
17618.0,5,3,971.58,1
17619.0,311,1,218.52,0
17620.0,59,1,81.44,1
17621.0,20,3,1379.9,1
17623.0,32,1,527.0500000000001,1
17624.0,14,2,843.48,1
17625.0,17,4,2047.0,1
17628.0,80,1,75.75,1
17629.0,5,8,1814.12,1
17630.0,169,2,503.59999999999997,0
17631.0,1,3,528.33,1
17633.0,30,4,1324.84,1
17634.0,35,9,2361.9700000000003,1
17636.0,18,1,285.56,1
17637.0,30,2,547.0600000000001,1
17639.0,275,1,108.5,0
17640.0,86,1,621.66,1
17642.0,119,2,712.29,1
17643.0,372,1,101.55,0
17644.0,0,11,2895.64,3
17646.0,218,3,1008.39,0
17647.0,64,1,133.06,1
17648.0,60,4,1797.5,1
17649.0,137,1,868.49,1
17650.0,20,1,166.08,1
17651.0,11,10,3945.0,1
17652.0,24,12,4867.72,3
17653.0,36,4,1207.56,1
17654.0,276,1,117.55,0
17655.0,10,7,2638.94,1
17656.0,72,5,1674.69,1
17658.0,25,2,595.42,1
17659.0,16,12,2999.46,3
17660.0,140,1,196.0,1
17663.0,25,7,1802.91,1
17664.0,18,2,604.64,1
17666.0,3,2,728.16,1
17667.0,65,5,2055.51,1
17668.0,0,2,347.75,1
17669.0,42,7,3406.7200000000003,1
17670.0,227,1,205.7,0
17671.0,15,4,1572.71,1
17672.0,49,2,3178.17,1
17673.0,0,6,1629.12,1
17674.0,73,2,551.04,1
17675.0,0,31,20374.28,3
17676.0,3,6,1387.68,1
17677.0,1,30,16363.23,3
17678.0,263,1,298.11,0
17679.0,52,2,1992.1100000000001,1
17680.0,23,1,184.4,1
17682.0,9,6,2474.33,1
17684.0,43,1,239.41,1
17685.0,16,7,3191.53,1
17686.0,6,7,5739.46,1
17690.0,29,15,4757.95,3
17691.0,357,2,290.40000000000003,0
17692.0,126,4,740.9399999999999,1
17693.0,136,1,200.47,1
17694.0,141,1,283.12,1
17695.0,131,2,765.34,1
17696.0,37,8,2285.71,1
17697.0,235,1,338.95,0
17698.0,260,1,154.95,0
17700.0,16,4,2534.64,1
17701.0,252,1,417.95,0
17702.0,29,4,1824.37,1
17703.0,34,3,798.74,1
17704.0,168,2,885.19,0
17705.0,2,9,1823.52,1
17706.0,3,17,10504.49,3
17707.0,184,2,152.4,0
17708.0,187,2,267.08,0
17709.0,169,1,137.45,0
17711.0,10,2,385.1,1
17712.0,44,1,522.91,1
17714.0,320,1,153.0,0
17715.0,200,1,326.4,0
17716.0,22,11,5655.99,3
17718.0,231,1,139.35,0
17719.0,37,15,5396.04,3
17720.0,25,4,1195.94,1
17722.0,95,4,2424.04,1
17723.0,126,6,3276.4000000000005,1
17724.0,70,3,1033.0,1
17725.0,15,11,3439.08,3
17727.0,14,1,1060.25,1
17728.0,3,3,2876.01,1
17730.0,2,13,5298.4800000000005,3
17731.0,78,4,1240.11,1
17732.0,372,1,303.97,0
17733.0,38,2,692.19,1
17734.0,53,3,700.63,1
17735.0,1,19,13110.02,3
17736.0,8,3,377.44,1
17737.0,8,2,168.24,1
17738.0,18,4,1879.05,1
17739.0,11,7,2791.35,1
17742.0,112,2,355.11,1
17744.0,3,6,2322.4,1
17746.0,239,1,110.25,0
17747.0,112,1,71.4,1
17749.0,177,2,674.52,0
17750.0,4,9,1797.57,1
17752.0,358,1,80.64,0
17754.0,0,5,1772.26,1
17757.0,0,30,5605.29,3
17758.0,18,8,3456.7000000000003,1
17759.0,16,3,834.99,1
17760.0,21,2,287.59,1
17761.0,32,1,712.78,1
17763.0,262,1,15.0,0
17764.0,50,2,818.8199999999999,1
17765.0,158,3,371.88,0
17767.0,14,1,271.2,1
17768.0,7,3,2273.1800000000003,1
17769.0,12,10,3997.98,1
17770.0,198,5,1143.27,0
17771.0,56,2,245.81,1
17772.0,10,2,182.77,1
17774.0,96,4,1225.41,1
17775.0,254,1,56.4,0
17777.0,24,3,665.86,1
17779.0,20,3,658.57,1
17781.0,158,2,188.02,0
17783.0,71,2,283.47,1
17785.0,52,1,131.94,1
17786.0,84,2,278.74,1
17787.0,152,4,1865.19,0
17788.0,73,2,1117.9,1
17789.0,280,1,225.9,0
17790.0,26,14,1965.55,3
17791.0,29,1,106.1,1
17793.0,24,1,323.04,1
17795.0,179,2,350.39,0
17796.0,39,4,697.9,1
17797.0,21,3,780.43,1
17799.0,21,10,3055.93,1
17800.0,36,9,1199.01,1
17802.0,81,3,1285.04,1
17805.0,73,1,512.31,1
17806.0,10,1,546.04,1
17809.0,15,12,5411.91,3
17811.0,3,39,7837.7300000000005,3
17812.0,12,4,732.16,1
17813.0,13,5,1770.8799999999999,1
17816.0,36,4,36.56,1
17817.0,3,3,387.68,1
17819.0,71,7,3704.87,1
17824.0,50,1,298.4,1
17827.0,4,5,1995.46,1
17830.0,1,3,398.7,1
17831.0,32,1,35.400000000000006,1
17832.0,49,1,155.37,1
17835.0,2,3,350.64,1
17836.0,46,1,110.21000000000001,1
17837.0,41,8,1593.38,1
17838.0,26,5,2779.3,1
17839.0,41,1,338.8,1
17841.0,1,124,40991.57,2
17843.0,302,1,205.48,0
17846.0,84,1,2033.1,1
17848.0,80,9,901.1999999999999,1
17849.0,217,4,605.8000000000001,0
17850.0,371,34,5391.21,3
17852.0,11,2,114.34,1
17854.0,184,2,311.26,0
17855.0,372,1,208.97,0
17856.0,1,4,1418.03,1
17857.0,3,23,26879.04,3
17858.0,5,12,5155.66,3
17859.0,304,1,148.21,0
17860.0,368,1,252.8,0
17861.0,2,8,2100.8,1
17862.0,323,1,330.9,0
17863.0,58,6,3160.0,1
17864.0,12,3,597.5,1
17865.0,30,20,10526.32,3
17866.0,142,1,329.65,1
17867.0,29,6,1197.1000000000001,1
17869.0,106,5,428.18,1
17870.0,1,12,1894.35,3
17871.0,204,1,155.9,0
17873.0,79,5,1859.16,1
17874.0,184,6,683.46,0
17877.0,169,1,237.61,0
17878.0,43,1,379.45,1
17879.0,173,1,178.51999999999998,0
17880.0,364,1,458.92,0
17881.0,303,1,133.35000000000002,0
17883.0,2,4,671.77,1
17884.0,3,4,717.45,1
17885.0,11,1,190.19,1
17886.0,31,3,899.61,1
17887.0,128,1,111.35,1
17888.0,20,8,726.05,1
17889.0,211,2,203.87,0
17890.0,322,2,602.09,0
17891.0,161,1,203.85999999999999,0
17892.0,55,3,244.1,1
17893.0,224,1,112.25,0
17894.0,71,8,1119.81,1
17895.0,43,1,98.0,1
17896.0,22,1,256.32,1
17897.0,172,3,566.6,0
17898.0,84,2,152.06,1
17899.0,158,1,155.8,0
17900.0,189,2,112.19999999999999,0
17901.0,28,1,110.38,1
17904.0,20,1,191.67,1
17905.0,70,4,800.24,1
17906.0,246,1,72.9,0
17908.0,373,1,243.28,0
17911.0,8,1,366.23,1
17912.0,309,5,311.01,0
17913.0,58,2,411.6,1
17914.0,3,1,336.43,1
17917.0,44,3,341.28,1
17919.0,87,1,1304.04,1
17920.0,3,17,4204.1,3
17921.0,63,4,826.52,1
17923.0,281,1,207.50000000000003,0
17924.0,11,7,2962.5,1
17925.0,372,1,244.08,0
17926.0,132,2,397.29,1
17928.0,44,2,212.54,1
17929.0,10,4,843.0,1
17930.0,35,5,1740.48,1
17931.0,133,2,408.36,1
17932.0,28,3,1331.57,1
17934.0,51,2,704.25,1
17935.0,137,2,145.79,1
17936.0,4,1,389.84,1
17937.0,8,7,4301.22,1
17939.0,159,1,99.14,0
17940.0,48,10,4106.4400000000005,1
17941.0,130,1,304.56,1
17942.0,7,1,77.50000000000001,1
17946.0,232,2,149.57999999999998,0
17947.0,36,1,176.68,1
17948.0,146,1,358.56000000000006,0
17949.0,0,45,58510.48,2
17950.0,71,3,482.2,1
17951.0,39,3,1008.5400000000001,1
17954.0,4,12,2332.72,3
17955.0,198,4,557.3,0
17956.0,248,1,12.75,0
17957.0,65,1,111.68,1
17958.0,116,1,508.4599999999999,1
17960.0,170,1,73.78,0
17961.0,20,39,1296.44,3
17962.0,141,1,102.83,1
17964.0,31,2,471.7,1
17965.0,37,14,2622.57,3
17966.0,37,5,1098.43,1
17967.0,371,1,123.07,0
17968.0,373,1,277.35,0
17969.0,165,2,228.2,0
17970.0,210,1,582.59,0
17972.0,241,1,136.04,0
17973.0,51,1,337.04,1
17974.0,24,3,740.79,1
17975.0,14,13,4488.81,3
17976.0,371,1,353.19,0
17977.0,28,1,288.14,1
17978.0,364,1,300.91999999999996,0
17979.0,35,4,757.71,1
17980.0,165,3,811.45,0
17984.0,144,1,152.68,0
17985.0,21,1,634.95,1
17986.0,55,1,20.8,1
17987.0,184,1,198.57,0
17988.0,11,7,201.12,1
17990.0,236,3,630.84,0
17991.0,224,2,93.35,0
17994.0,121,4,678.49,1
17995.0,281,1,76.1,0
17997.0,73,8,1970.6699999999998,1
17999.0,36,2,382.06,1
18001.0,11,2,417.23,1
18004.0,361,1,169.47,0
18005.0,3,2,249.72,1
18006.0,22,1,444.68,1
18008.0,69,9,2116.19,1
18009.0,234,1,257.34,0
18010.0,256,1,174.8,0
18011.0,372,1,102.78999999999999,0
18013.0,154,2,187.29,0
18014.0,27,1,166.42,1
18015.0,3,1,120.03,1
18016.0,31,5,1483.56,1
18017.0,80,3,523.0,1
18018.0,107,2,122.14,1
18019.0,51,1,38.45,1
18022.0,35,1,668.11,1
18024.0,152,2,389.78,0
18027.0,98,1,115.31,1
18030.0,3,2,230.64999999999998,1
18032.0,333,1,73.5,0
18033.0,64,1,97.97,1
18034.0,21,2,422.88,1
18035.0,35,3,730.4,1
18036.0,31,3,405.62,1
18037.0,153,6,70.02,0
18040.0,18,2,357.20000000000005,1
18041.0,11,21,4183.39,3
18042.0,53,1,165.04999999999998,1
18043.0,24,3,559.51,1
18044.0,3,10,2088.6,1
18045.0,44,1,189.4,1
18048.0,202,2,172.29000000000002,0
18050.0,358,1,74.4,0
18053.0,70,1,300.02,1
18055.0,6,10,6784.1900000000005,3
18056.0,287,1,363.65,0
18058.0,9,1,170.16,1
18059.0,22,3,306.46,1
18061.0,21,10,2119.41,1
18062.0,172,3,720.52,0
18064.0,132,2,814.0,1
18065.0,5,14,2392.83,3
18066.0,74,1,318.0,1
18067.0,39,1,396.33,1
18068.0,288,1,101.69999999999999,0
18069.0,25,5,2036.67,1
18071.0,257,2,453.0,0
18072.0,185,1,247.44,0
18073.0,113,12,3877.5200000000004,3
18074.0,373,1,489.6,0
18075.0,22,10,2611.75,1
18077.0,7,11,2633.0099999999998,3
18078.0,216,2,336.13,0
18079.0,44,4,3651.97,1
18080.0,18,2,1231.5,1
18081.0,35,3,343.45,1
18082.0,25,1,703.37,1
18084.0,15,1,90.47999999999999,1
18085.0,329,2,689.95,0
18086.0,273,1,101.34,0
18087.0,97,2,4055.7199999999993,1
18088.0,60,1,167.67000000000002,1
18092.0,1,11,9068.26,3
18093.0,92,4,2106.52,1
18094.0,81,7,3017.3,1
18095.0,311,2,580.0500000000001,0
18096.0,11,3,911.15,1
18097.0,7,6,2697.8,1
18099.0,126,1,168.31,1
18101.0,10,2,223.65,1
18102.0,0,60,259657.3,2
18104.0,36,1,754.64,1
18105.0,37,1,113.48000000000002,1
18106.0,329,1,430.7,0
18108.0,253,1,271.0,0
18109.0,1,26,8052.97,3
18110.0,19,1,236.3,1
18112.0,11,2,352.69,1
18113.0,368,1,76.32000000000001,0
18114.0,289,1,220.1,0
18116.0,67,8,1418.03,1
18117.0,25,1,320.72,1
18118.0,10,26,5653.82,3
18119.0,367,1,181.12,0
18120.0,213,1,111.15,0
18121.0,148,2,673.1,0
18122.0,7,6,1826.21,1
18123.0,23,2,589.4399999999999,1
18125.0,29,4,1142.99,1
18126.0,60,1,206.82999999999998,1
18127.0,18,3,348.73,1
18129.0,242,1,112.55000000000001,0
18130.0,14,3,1059.39,1
18133.0,211,1,931.4999999999999,0
18135.0,28,5,681.9100000000001,1
18136.0,62,3,784.33,1
18138.0,294,1,152.65,0
18139.0,17,6,8438.34,1
18142.0,156,2,1019.52,0
18143.0,116,2,1000.16,1
18144.0,7,12,2888.75,3
18145.0,12,4,2861.55,1
18146.0,140,2,160.35000000000002,1
18147.0,45,2,179.33999999999997,1
18149.0,50,3,612.0799999999999,1
18150.0,31,3,566.58,1
18151.0,134,2,653.35,1
18154.0,2,2,399.19,1
18155.0,74,3,371.62,1
18156.0,12,2,734.94,1
18158.0,8,2,453.4,1
18159.0,300,1,530.15,0
18160.0,56,2,638.0600000000001,1
18161.0,14,5,1618.69,1
18164.0,36,1,399.65000000000003,1
18165.0,176,1,302.46000000000004,0
18167.0,22,3,1384.8600000000001,1
18168.0,175,6,1169.94,0
18169.0,60,1,202.65,1
18170.0,32,3,980.31,1
18171.0,58,5,1231.31,1
18172.0,14,20,7561.68,3
18173.0,86,4,2106.84,1
18174.0,6,1,104.0,1
18176.0,357,1,476.35,0
18177.0,30,6,1341.42,1
18178.0,128,4,1590.81,1
18179.0,8,6,1793.17,1
18180.0,4,6,1843.75,1
18181.0,23,1,382.8,1
18183.0,226,2,632.07,0
18184.0,14,1,49.8,1
18185.0,248,1,304.25,0
18188.0,14,3,2001.04,1
18189.0,77,2,1090.24,1
18190.0,191,2,284.46000000000004,0
18191.0,261,1,207.79999999999998,0
18192.0,71,1,957.97,1
18193.0,164,1,243.76,0
18194.0,81,1,973.8399999999999,1
18196.0,94,2,689.13,1
18198.0,3,17,5425.56,3
18200.0,105,1,163.8,1
18202.0,199,3,1396.99,0
18203.0,156,1,160.42000000000002,0
18204.0,70,3,1993.7,1
18205.0,35,2,517.36,1
18209.0,28,1,139.10000000000002,1
18210.0,1,6,2621.38,1
18211.0,25,5,600.07,1
18212.0,325,1,248.42,0
18213.0,236,1,232.48000000000002,0
18215.0,88,1,299.34000000000003,1
18216.0,30,1,481.75,1
18217.0,28,2,621.75,1
18218.0,210,2,662.08,0
18219.0,2,10,2069.77,1
18220.0,226,1,305.28000000000003,0
18221.0,21,5,1041.61,1
18222.0,92,1,443.0,1
18223.0,4,14,6484.54,3
18224.0,263,1,158.95000000000002,0
18225.0,2,12,5509.12,3
18226.0,43,11,5228.05,3
18227.0,217,1,93.75,0
18228.0,56,2,779.9,1
18229.0,11,20,7276.900000000001,3
18230.0,8,7,2810.2000000000003,1
18231.0,191,5,2083.27,0
18232.0,81,4,592.97,1
18233.0,325,1,440.0,0
18235.0,71,3,1796.48,1
18236.0,29,6,882.24,1
18237.0,2,5,987.1,1
18239.0,218,5,1561.6100000000001,0
18240.0,45,1,422.58,1
18241.0,9,17,2073.09,3
18242.0,71,4,2232.4900000000002,1
18245.0,6,7,2567.06,1
18246.0,23,2,596.1,1
18248.0,122,2,804.02,1
18249.0,16,1,95.34,1
18250.0,309,1,349.27,0
18251.0,86,1,4314.72,1
18252.0,50,2,526.67,1
18255.0,88,1,103.3,1
18257.0,38,8,2337.63,1
18259.0,24,3,2338.6000000000004,1
18260.0,172,6,2643.2000000000003,0
18261.0,42,2,324.24,1
18262.0,139,1,149.48,1
18263.0,25,3,1213.1599999999999,1
18265.0,71,2,801.51,1
18268.0,133,1,25.5,1
18269.0,365,1,168.6,0
18270.0,37,2,283.15,1
18272.0,2,6,3078.58,1
18273.0,1,3,204.0,1
18274.0,29,1,175.92,1
18276.0,43,1,335.86,1
18277.0,57,1,110.38,1
18278.0,73,1,173.9,1
18280.0,277,1,180.60000000000002,0
18281.0,180,1,80.82,0
18282.0,7,2,178.05,1
18283.0,3,16,2094.88,3
18287.0,42,3,1837.28,1
